id,alt_name,base_name,alt_address,base_address,city,state,alt_category,base_category,alt_confidence,base_confidence,sample_type,label,reason
08f800882b2f106303ab5fa027239c0c,Hospital São Domingos,Hospital São Domingos- Exames,"Avenida Jerônimo de Albuquerque, 540",Av Gerônimo de Albuquerque,São Luís,MA,medical_center,Health and Medicine > Physician > Doctor's Office,0.7927927927927928,1.0,conflict,"",""
562949961114758,WEISSER RING e.V. - Außenstelle Schaumburg,WEISSER RING e.V. - Außenstelle Delmenhorst,Georgswall 3,Georgswall 3,Hannover,Lower Saxony,organization,organization,0.77,0.77,conflict,"",""
1407374888884529,Rewe To Go,REWE,"Ferdinand-Wallbrecht-Straße, Aral",Isernhagener Str. 103-107,Hannover,Lower Saxony,convenience_store,supermarket,0.77,0.77,conflict,"",""
08f60a25956e9c3203cc9c5c8269996d,"PUBLIC location 324234 #%&*",PUBLIC LOCATION NAME EXTERNALID NAME,1766 Palo Verde Ave,1766 Palo Verde Ave,East Palo Alto,CA,,,0.77,0.77,conflict,"",""
1407374885778830,Fitness Together,Fitness Together - Jenks Riverside,9708 Riverside Pkwy Ste D,9708 Riverside Pkwy Ste D,Tulsa,OK,gym,gym,0.77,0.77,conflict,"",""
08f444381a58e79b03f8e497300cac10,Natchez Children's Services,Natchez Children's Home Services,815 N Union St,806 N Union St,Natchez,MS,social_service_organizations,Community and Government > Public and Social Service,0.48103896103896104,1.0,conflict,"",""
08f1e8047491b82203dfd0297fbad6de,Cacciani Ristorante,Cacciani,"Via Armando Diaz, 13",Via Armando Diaz 15 15,Frascati,62,italian_restaurant,Dining and Drinking > Restaurant > Fast Food Restaurant,0.9645127118644068,1.0,conflict,"",""
08fa83136c8188e903b91a34b4994790,Hospital CDOP,Hospital,"Avenida Silva Jardim, 4172",R Silva Jardim 3888,Curitiba,PR,medical_center,Health and Medicine > Hospital,0.7927927927927928,1.0,conflict,"",""
08f2b012cc75b39b03fce7c942009cfc,Carter's,carter's | OshKosh,81 Hector Gate,81 Hector Gate,Halifax,NS,children's_clothing_store,Retail > Fashion Retail > Children's Clothing Store,0.9828411287205256,1.0,conflict,"",""
08f2a10770d340f3034390d148461d38,Brooklyn Basketball Academy,Brooklyn Basketball Academy (BBA),1724 Avenue P,162 E 25th St,New York,NY,sports_club_and_league,Sports and Recreation > Basketball > Basketball Court,0.9649446494464945,1.0,conflict,"",""
08f2a13a949b18c203493817733d9e7d,Barnegat Bay Financial Group,Barnegat Bay Financial Group - Raymond James Office,929 Lacey Rd,929 Lacey Rd,Lacey,NJ,financial_advising,bank_credit_union,0.9872500778573653,0.77,conflict,"",""
08f26561a6018621030d6d13a1a39c49,Pro Car Wash South/North,Pro Car Wash South,300 Park Dr,,Smithville,MO,automotive_repair,Business and Professional Services > Automotive Service > Automotive Repair Shop,0.9908651262761956,1.0,conflict,"",""
08f499096b78cced0379be0c7ed689ef,La Azotea,La Azotea Terraza,Avenida Independencia Nacional 38,Independencia Nacional 13,Tlaxco,,pizza_restaurant,Dining and Drinking > Restaurant > Pizzeria,0.9837452982267598,1.0,conflict,"",""
08f29a401d62442903fec68faae96b67,Structural and Materials Engineering Building,Structural and Materials Engineering (SME),9500 Gilman Dr,9500 Gilman Dr,San Diego,CA,college_university,Community and Government > Education > College and University > College Engineering Building,0.9645127118644068,1.0,conflict,"",""
08f2aac22b2ad5a4030cd86c18d3c250,Mid County Lanes and Entertainment,MID COUNTY LANES,875 N Broad St,875 N BROAD St,Middletown,DE,bowling_alley,fair,0.9962614185921548,0.77,conflict,"",""
08f1e84ab06b5a88032fba924b9dab12,Coop Centro Italia,Coop,Pizza Matteotti,"Piazza Giacomo Matteotti, 15",Perugia,,grocery_store,Retail > Food and Beverage Retail > Supermarket,0.9837452982267598,1.0,conflict,"",""
08f44a9ba64f038d03c3e379ed796485,Bahama Bay Resort,Bahama Bay Resort & Spa,304 Rum Run,400 Gran Bahama Blvd,Davenport,FL,hotel,Travel and Transportation > Lodging > Resort,0.48103896103896104,1.0,conflict,"",""
1407374890902980,Huffines Kia McKinney Service,Huffines Kia McKinney,1201 N Central Expressway,1201 N Central Expy,McKinney,TX,brake_service_and_repair,brake_service_and_repair,0.77,0.77,conflict,"",""
08f498ed76d5c9910311aee52ebc06bc,SUMA LIFT,SUMALIFT,"FRANCISCO DE UREÑA #102",Francisco villa 4321 León 1,León,Guanajuato,industrial_equipment,Business and Professional Services > Business Center,0.77,1.0,conflict,"",""
08f26f4441284853034e61baf325cd7c,Colby Dodge Chrysler Jeep Ram,Colby Dodge Chrysler Jeep,1000 Taylor Ave,1000 Taylor Ave,Colby,KS,car_dealer,used_car_dealer,0.997898979043525,0.77,conflict,"",""
1125899909630421,OfficeMax Tech,OfficeMax,"350 ORCHARD PARK ROAD, WEST SENECA PLAZA",350 Orchard Park Rd,WEST SENECA,NY,information_technology_company,office_equipment,0.77,0.77,conflict,"",""
08f1fb432c6d432b030f6b6a47ed6ec0,Gare de Creil,Gare SNCF de Creil,"Place Charles de Gaulle, 60100 Creil",Place Charles de Gaulle,Creil,,train_station,Travel and Transportation > Transport Hub > Rail Station,0.6214335421016005,1.0,conflict,"",""
08f1f895b1880a940382fd5955cc8c45,Ehstandhof Pension & Apartments,Ehstandhof,Ehstandweg 2,Ehstandweg 2,Uderns,,bed_and_breakfast,Travel and Transportation > Lodging > Hostel,0.7927927927927928,1.0,conflict,"",""
08f1f1046938a0020354dde363732179,Die Goldschmiede,"Die Goldschmiede, Kaufmann",Scharrnstraße 4,Lange Str. 31,Lübbecke,,jewelry_store,Retail > Fashion Retail > Jewelry Store,0.9649446494464945,1.0,conflict,"",""
08f2aaaaad1196b103717a39c156cecf,Brothers Mechanical Services,Brothers Mechanical Services®,8996 Mike Garcia Dr,8996 Mike Garcia Dr,Manassas,VA,hvac_services,hvac_services,0.9877528662420382,0.77,conflict,"",""
08f26962083a02f40376a90056fc0453,Steve & Lori Robinson Realtors,Steve & Lori Robinson Realtors - BHHS Elite Real Estate,825 E 1180 S,825 E 1180 S Ste 300,American Fork,UT,real_estate_agent,real_estate_agent,0.9872500778573653,0.77,conflict,"",""
08fc99348d15b1b60334905403e7ce3d,West Coast Hifi,West Coast Hi-Fi Rockingham,4-6 Commodore Dr,4/4 Cessnock Way,Rockingham,WA,home_theater_systems_stores,home_theater_systems_stores,0.9962614185921548,0.77,conflict,"",""
08fa81031342d69903a4301c8d4f2227,CVC SP - Parque Shopping Barueri,CVC,"Rua General Divisão Pedro R. da Silva, 400","Rua General De Divisão De Pedro Rodrigues Da, 400",Barueri,SP,travel_services,Travel and Transportation > Travel Agency,0.48103896103896104,1.0,conflict,"",""
08f1f840ea021482035b7b83cdf340f6,Ecole Primaire Emile Gebhart,Ecole Primaire Gebhart,31 Rue Émile Gebhart,33 rue emile gebhart,Nancy,,elementary_school,Community and Government > Education > College and University > Student Center,0.6214335421016005,1.0,conflict,"",""
08f44e150b4332ab03ddd7cd318987fc,Dothan Nails Spa,Dothan Nails,3341 S Oates St,3341 S Oates St Ste 104,Dothan,AL,nail_salon,nail_salon,0.9962614185921548,0.77,conflict,"",""
08f44a912c6344da0349baa53689eb86,Bitcoin Depot,Bitcoin Depot ATM,3915 W Vine St,3915 W Vine St,Kissimmee,FL,atms,Business and Professional Services > Financial Service > Banking and Finance > ATM,0.9877528662420382,1.0,conflict,"",""
08f64b505561491603fc6471ee03d4ec,นารานวดแผนไทย,นารานวดแผนไทย (Massage),บ้านคลองศาลา,บ้านคลองศาลา,,,spas,Business and Professional Services > Health and Beauty Service > Spa,0.3941504178272981,1.0,conflict,"",""
08f2f5aa91d808f303baa5e8aa5462ce,デイリーヤマザキ　市川二俣新町店,デイリーヤマザキ 市川二俣新町店,二俣678-67,二俣678-67,Ichikawa-shi,12,convenience_store,Retail > Convenience Store,0.48103896103896104,1.0,conflict,"",""
08f64a4a12905da1035756dc7bcb4757,Dairy Queen,Dairy Queen Thailand,,"ชั้น 3, 199,199/1,199/2 หมู่ 6 ตำบลเสาธงหิน อำเภอบางใหญ่",,,ice_cream_shop,ice_cream_shop,0.48103896103896104,0.6214335421016005,conflict,"",""
2251799818930678,ColourFence Garden Fencing - Isle Of Wight,Colourfence Garden Fencing,"Bridgecourt House, Whitwell Road","Bridgecourt House, Whitwell Road, Godshill",Godshill,Isle Of Wight,fence_and_gate_sales_service,fence_and_gate_sales_service,0.77,0.77,conflict,"",""
08f2a10725b352a903e6847459c20ef9,Hulk Security Systems,"Hulk Security Systems - Intercom, Access Control & Burglary Alarms systems",676 9th Ave,"676A 9th Ave #399",New York,NY,professional_services,Retail > Computers and Electronics Retail > Electronics Store,0.23154848046309695,1.0,conflict,"",""
08f1f2e5048d164e03fd620dbb04a308,Lindell's Car Nissan,Lindells Bil,Fibergatan 3,Fiberg. 3,Billesholm,,automotive_repair,Business and Professional Services > Automotive Service > Automotive Repair Shop,0.9645127118644068,1.0,conflict,"",""
08f1f88b7202396b039421a666dddf20,Klecks Schule der Phantasie,KlecksX,Untermarkt 65,Untermarkt 65,Wolfratshausen,,school,Community and Government > Education,0.9837452982267598,1.0,conflict,"",""
08fa8100ca28064003968b5363ce2e31,Assembleia de Deus - Casa Verde,Assembléia de Deus da Casa Verde,"Rua Valdemar Martins, 557","Rua Valdemar martins, 495",São Paulo,SP,pentecostal_church,Community and Government > Spiritual Center > Church,0.7927927927927928,1.0,conflict,"",""
08f1fa52b061960a03e43f858d980cc0,LUSH Cosmetics Düsseldorf,LUSH,Schadowstr. 65,Schadowstr.,Düsseldorf,North Rhine-Westphalia,florist,Retail > Cosmetics Store,0.77,1.0,conflict,"",""
08f1f18c768d9d6603f4c1aa83c6e520,DEKRA,DEKRA Automobil GmbH Kfz-Prüfstelle Belzig,Forstweg 8A,Forstweg 8A,Bad Belzig,Brandenburg,car_inspector,Business and Professional Services > Legal Service,0.77,1.0,conflict,"",""
08f27022da661146031df2517711075f,Bitcoin Depot,Bitcoin Depot - Bitcoin ATM,1021 McGregor St,1021 McGregor St,Winnipeg,MB,atms,Business and Professional Services > Financial Service > Banking and Finance > ATM,0.9877528662420382,1.0,conflict,"",""
08fa8f079c5740c003cee9234f02d70e,Rei do Pão D' Queijo,Rei do Pao d'Queijo,"Rua Gerson Coutinho, 475","Rua Gerson Coutinho da Silva, 529 lj 2",Coromandel,MG,diner,Dining and Drinking > Restaurant,0.6214335421016005,1.0,conflict,"",""
08f28d0b558a8c92033225a311e5fe0b,Coinstar Kiosk - Bitcoin ATM,Coinstar,"7601 Evergreen Way, Safeway",7601 Evergreen Way,Everett,WA,money_transfer_services,Business and Professional Services > Financial Service > Banking and Finance > Bank,0.77,1.0,conflict,"",""
08f1ea61020d682003a74eb34f0f6591,BLL Immagine e Creativita,Bll - Immagine e Creatività,"Borgo Claudio Merulo, 1","Borgo Merulo, 1",Parma,45,advertising_agency,Business and Professional Services > Advertising Agency,0.9445655559015883,1.0,conflict,"",""
08f2aac958c59b1b03fcabb8e82f50cf,"Scott J Morris, DMD",Scott J Morris Family Practice,1719 W Main St,1719 W Main St,West Norriton Twp,PA,dentist,cosmetic_dentist,0.9962614185921548,0.77,conflict,"",""
08f4994ade868848033e46afab040419,Smart Fit México,Smart Fit,Calzada Zavaleta 50,Plazavaleta,Puebla,,gym,Sports and Recreation > Gym and Studio,0.9837452982267598,1.0,conflict,"",""
08f195298a4d535e03bd605f0963b4a7,Doggie Barbershop Comber,Doggie Barber Shop Comber,99 Belfast Road,91 Belfast Rd,Newtownards,NIR,pet_groomer,Business and Professional Services > Pet Service > Pet Grooming Service,0.9645127118644068,1.0,conflict,"",""
08f1969c9b6648a603bcbfe76a19c00c,Dance4Life,Dance 4 Life,Keizersgracht 177,Spuistraat 239,Amsterdam,NH,community_services_non_profits,Community and Government > Organization > Non-Profit Organization,0.9142857142857143,1.0,conflict,"",""
08f194ada05a3a6003b9a28bab309ec8,Kip McGrath Hammersmith,Kip McGrath,165 King Street,165 King St 1st Floor,London,ENG,tutoring_center,Community and Government > Education > Private School,0.9962614185921548,1.0,conflict,"",""
08f1eb1929c8604503e5996883859eec,Service Neon,Service Neon di Cateni Riccardo,"Via Cava, 257",Via della Cava 257,Rosignano Solvay,LI,building_supply_store,,0.77,1.0,conflict,"",""
08f29a4d66d26d9903959dd6a159ac71,La Villa Cafe Bar,La Villa Con Sabor A Cafe,Boulevard Benito Juárez 4356,"Bulevar Benito Juarez #4356 Int #3",Playas de Rosarito,,cafe,"Dining and Drinking > Cafe, Coffee, and Tea House > Coffee Shop",0.9837452982267598,1.0,conflict,"",""
08f2a963292692c0033e8eb7f4a3a9f4,Jim Shaffer Realty LLC,Jim Shaffer Realty,11661 State Route 707,11661 State Route 707,Mendon,OH,property_management,Business and Professional Services > Real Estate Service > Property Management Office,0.9544061302681992,1.0,conflict,"",""
08f26c84401a416e03eb1dc0009a8062,Kenos Express,Keno's Express,718 Hercules Ln,718 Hercules Ln,Denton,TX,convenience_store,Travel and Transportation > Fuel Station,0.9544061302681992,1.0,conflict,"",""
08fa81955b34a9b303580e4545ded3f2,UBS Vila Elvira,UBS Vila Elvira - São José Do Rio Preto,,,,,health_and_medical,Health and Medicine > Emergency Service > Emergency Room,0.48103896103896104,1.0,conflict,"",""
08f44a910b2f5a6503fa476a6c499b61,Amscot,Amscot - The Money Superstore,11500 Orange Blossom Trl S,11500 South Orange Blossom Trail,Orlando,FL,installment_loans,Business and Professional Services > Financial Service,0.9837452982267598,1.0,conflict,"",""
2251799814046837,Applebee's,Applebee's Grill + Bar,4203 Winnetka Ave N,4203 Winnetka Ave N,New Hope,MN,pub,pub,0.77,0.77,conflict,"",""
08f1e805a9c6c76c0362cba6f29b724f,Toscano Tor de Cenci Spinaceto,Toscano,"Via di Mezzocammino, 197/199",Via di Mezzocammino 197 199,,,commercial_real_estate,,0.9918379237288135,1.0,conflict,"",""
08f1f99ce166d833032db8b644198dd4,Dercole Pneumatici Autofficina Castrol Service,Dercole Pneumatici,"Via Alessandrina, 71","Via Alessandrina, 71",Cusano Milanino,25,automotive_repair,Business and Professional Services > Automotive Service > Automotive Repair Shop,0.9837452982267598,1.0,conflict,"",""
08f2e6cba0b345400310a25fb96b017d,サンジョイ,サンジョイ 徳島店,徳島県徳島市三軒屋町下分５７,三軒屋町下分57,徳島市,,sporting_goods,Retail > Sporting Goods Retail > Fishing Store,0.9467515923566879,1.0,conflict,"",""
08f268cc1bab618403bf8f2c6e189353,En-spire Nutrition,En-spire Nutrition Centennial,8168 S Holly St,8168 S Holly St Ste B,Centennial,CO,cafe,cafe,0.9962614185921548,0.77,conflict,"",""
08f08f02c0755b89034609eac48d4092,Mecra Consult AB,Mecra Consult,Verkstadsvägen 13,Verkstadsv. 13,Skellefteå,,pest_control_service,Retail,0.9645127118644068,1.0,conflict,"",""
08f2a1005ec5b25103c6d1cfddf2e8a1,Star Chrysler Dodge Jeep Ram,Star Chrysler Jeep Dodge Ram,21110 Jamaica Ave,211-10 Jamaica Avenue,Queens Village,NY,automotive,Retail > Automotive Retail > Car Dealership,0.77,1.0,conflict,"",""
08f260e2096121120300fe38e9d19185,Remington Heights Retirement Community,Remington Heights,12606 W Dodge Rd,12606 W Dodge Rd,Omaha,NE,retirement_home,Landmarks and Outdoors > States and Municipalities > Neighborhood,0.997898979043525,1.0,conflict,"",""
08f8b221a404320d03b459bdb2275ea1,Etcetera BAR,Etcetera,"Calle Chuquisaca, casi esquina Moldes",C. Chuquisaca casi C. Moldes,Santa Cruz de la Sierra,,bar,Dining and Drinking > Bar,0.28671328671328666,1.0,conflict,"",""
08f2e1bb53003ceb0382c5dc1162d7a5,ビジネスホテル・キャッスル,ビジネスホテルキャッスル,山下町147,山下町147-7,,,hotel,Travel and Transportation > Lodging > Bed and Breakfast,0.9837452982267598,1.0,conflict,"",""
08f2a120ca2ae36c03063f6dab55a04b,Green Leaf's,Green Leaf's Beyond Great Salads,77 Sands Blvd,77 Sands Blvd,Bethlehem,PA,salad_bar,Dining and Drinking > Restaurant > Salad Restaurant,0.77,1.0,conflict,"",""
08f28d558d2e0d15030d644d8058d55b,Elegante Jewelry Manufacturing and Loan Inc.,Elegante Jewelry,14320 NE 20th St Ste D,14320 - 120th NE,Bellevue,WA,jewelry_store,Retail > Fashion Retail > Jewelry Store,0.77,1.0,conflict,"",""
08f441ac5028341503f0b847ac0f6f93,AdventHealth Medical Group Primary Care,AdventHealth Medical Group Primary Care at Brandon,428 W Brandon Blvd,428 W Brandon Blvd,Brandon,FL,hospital,hospital,0.9895134099616858,0.77,conflict,"",""
08f29a56e9b8250903db13b0cdb9d5fe,The Flying Locksmiths,The Flying Locksmiths - Los Angeles West,11222 S La Cienega Blvd,11222 S La Cienega Blvd Ste 254,Inglewood,CA,professional_services,key_and_locksmith,0.9763829787234043,0.77,conflict,"",""
08f2f5aad8571cc003ec4c15ae9307de,日本貿易振興機構・ジェトロ,日本貿易振興機構 (JETRO),東京都港区赤坂１丁目１２−３２,赤坂1-12-32,港区,,central_government_office,Community and Government > Government Building,0.9544061302681992,1.0,conflict,"",""
08f2a9370c8a005a03ef10a30f50345f,Raising Cane's,Raising Cane's Chicken Fingers,8020 Burlington Pike,8020 Burlington Pike,Florence,KY,fast_food_restaurant,chicken_wings_restaurant,0.9962614185921548,0.77,conflict,"",""
1125899911801515,DANCENTER (39879) 6 Personen Ferienhaus in einem Ferienpark in Hanstholm,DANCENTER (39889) 6 Personen Ferienhaus in einem Ferienpark in Hanstholm,VIGSØ BUGT VEJ 1,VIGSØ BUGT VEJ 1,Hanstholm,"",holiday_rental_home,holiday_rental_home,0.77,0.77,conflict,"",""
08f658e0c84ca2c90324e2e139db5dd6,หอผู้ป่วยกึ่งวิกฤต,หอผู้ป่วยกึ่งวิกฤต(IMCU),,,,,medical_center,Health and Medicine > Hospital,0.3941504178272981,1.0,conflict,"",""
08f1fac440b6eaa003c4e8ef9887e5c6,BK Lack GmbH,BK Lack,Industriestraße 15,Industriestr. 15,Fernwald,,automotive_repair,auto_detailing,0.9877528662420382,0.77,conflict,"",""
08f1e84356611acd0351cc53c2f7a806,Effetto Shock snc,Effetto Shok SNC di Foglietta e Cariani,"Via Giovanni Berchet, 2",Via Giovanni Berchet,Foligno,55,hair_salon,Business and Professional Services > Health and Beauty Service > Hair Salon,0.9645127118644068,1.0,conflict,"",""
08f29a199c2de6c403788b26d043babf,"Juris Law Group, P.C.",Juris Law Group,"10215 Santa Monica Blvd., Ste 2",10215 Santa Monica Blvd Ste 2,Century City,CA,online_shop,online_shop,0.77,0.77,conflict,"",""
08f274dac432a46d0350a0c30ee88636,Clarkston High School Natatorium,Clarkston High School,6093 Flemings Lake Rd,6093 Fleming Lake Rd,Clarkston,MI,swimming_pool,Community and Government > Education > Primary and Secondary School > High School,0.6214335421016005,1.0,conflict,"",""
08f5f1c34bc3419903e2d20614543143,The Coffee Corner,The Coffee Corner (Hermitage mall),Lalla Rookhweg,Lalla Rookhweg,Paramaribo,,coffee_shop,"Dining and Drinking > Cafe, Coffee, and Tea House > Coffee Shop",0.48103896103896104,1.0,conflict,"",""
08f39040ce78ab8a034e94b26de55c37,Sofrapa,Sofrapa - Covilhã,Parque Industrial Covilhã Lote A-5,Parque Industrial Covilhã Lote A-5,,,automotive_repair,oil_and_gas,0.9895134099616858,0.77,conflict,"",""
08f1e8050815ab2d03fffc9c7e965114,Scuola Pubblica Media Mommsen Teodoro,Scuola Pubblica Media Teodoro Mommsen,"Via Teodoro Mommsen, 1",Via Teodoro Mommsen 1,Roma,62,high_school,Community and Government > Education > Primary and Secondary School > High School,0.6214335421016005,1.0,conflict,"",""
08f2f5a201d8650503802c7aa2edad1b,はま寿司 浦和店,はま寿司,南区太田窪2丁目5-7,南区太田窪2-5-7,さいたま市,埼玉県,sushi_restaurant,Dining and Drinking > Restaurant > Asian Restaurant > Japanese Restaurant > Sushi Restaurant,0.77,1.0,conflict,"",""
08f64860d3640c34031c4e86f1f57669,อิลิแกรนด์ คลินิก เวชกรรม,อิลิแกรนด์ คลินิก เวชกรรม : Elegrand Medical Clinic,,,,,health_department,Business and Professional Services > Health and Beauty Service,0.3941504178272981,1.0,conflict,"",""
1125899912860477,Headlight,Headlight Therapists and Psychiatric Services Wasilla,1981 E palmer-wasilla Highway Ste 200,1981 E Palmer-Wasilla Highway Ste 200,Wasilla,AK,health_and_medical,health_and_medical,0.77,0.77,conflict,"",""
08fa835d5a864a5903509e47f410055d,13º Batalhão de Bombeiros Militar - SC,13º Batalhão de Bombeiro Militar - Balneário Camboriú,"Alameda dos Estados Policial Luiz Carlos Rosa, 25","Alameda dos Estados Policial Luiz Carlos Rosa, 25 - Estados",Balneário Camboriú,SC,fire_department,Community and Government > Government Building > Law Enforcement and Public Safety > Fire Station,0.7927927927927928,1.0,conflict,"",""
2251799813795942,"Planet Fitness - Manassas, VA",Planet Fitness,7680 Stream Walk Ln,7680 Stream Walk Ln,Manassas,VA,gym,gym,0.77,0.77,conflict,"",""
1125899911801526,DANCENTER (39892) 6 Personen Ferienhaus in einem Ferienpark in Hanstholm,DANCENTER (39905) 6 Personen Ferienhaus in einem Ferienpark in Hanstholm,VIGSØ BUGT VEJ 1,VIGSØ BUGT VEJ 1,Hanstholm,"",holiday_rental_home,holiday_rental_home,0.77,0.77,conflict,"",""
08fa8100d98abd1c031cef4f718ca8bd,espaco.brazuca,Espaço Brazuca,"Rua Banco das Palmas, 145","Rua Banco das Palmas, 145",São Paulo,SP,restaurant,Dining and Drinking > Restaurant,0.28686635944700467,1.0,conflict,"",""
08fa8a0613483728030dd803ffe085d3,Geomecânica,Geomecânica S/A,Rua Bela 1128,,Rio de Janeiro,RJ,engineering_services,Business and Professional Services > Office,0.8606545961002786,1.0,conflict,"",""
08fa813b222f2c1e03f7aca38bf90b4e,Work Medicina Ocupacional,Work Medicina Ocupacional S/C Ltda,"Rua Visconde de Taunay, 335","Rua Tiradentes, 217",Campinas,SP,hospital,Health and Medicine > Physician,0.48103896103896104,1.0,conflict,"",""
08f444e180261b4d032aaeb179c3c442,Tommy's Express Car Wash,Tommy's Express® Car Wash,800 Sterlington Rd,800 Sterlington Rd.,Monroe,LA,car_wash,car_wash,0.997898979043525,0.77,conflict,"",""
08f1e3605210bbab0346d7383d230943,Schreinerei Baier Kurt,Schreinerei Kurt Baier,Schwarzachstraße 13,Schwarzachstr. 13,Schönthal,,carpenter,Retail > Construction Supplies Store,0.9828411287205256,1.0,conflict,"",""
08f651cca5b5202b03e606c3c73328ac,ราชา บะหมี่เกี๊ยว,ราชาบะหมี่เกี๊ยว,,,,,chinese_restaurant,Dining and Drinking > Restaurant > Asian Restaurant > Noodle Restaurant,0.3941504178272981,1.0,conflict,"",""
08f2a106d34a4cf203d9fcde81ae8136,Fox Trail Memory Care Living at South River,Fox Trail Memory Care Living,69 Burton Ave,69 Burton Ave,South River,NJ,retirement_home,assisted_living_facility,0.9962614185921548,0.77,conflict,"",""
08f2a36c0344bc820337ca0f2e8822f2,bp America,BP,36 Main St,36 Main St,Lincoln,NH,gas_station,gas_station,0.9837452982267598,0.77,conflict,"",""
08f498c94cd093b20333437c7c397280,Lonches Amparito Tránsito,Lonches Amparito,Calle Félix Fulgencio Palavicini 2254,Félix Palaviccini 2254,Guadalajara,,sandwich_shop,Dining and Drinking > Restaurant > Sandwich Spot,0.6214335421016005,1.0,conflict,"",""
08f2e61042d24ada03990ad8a9070a17,百十,百十 なんばこめじるし店,浪速区難波中2丁目10-25,浪速区難波中2-10-25,,,restaurant,Dining and Drinking > Restaurant > Asian Restaurant > Japanese Restaurant > Monjayaki Restaurant,0.9837452982267598,1.0,conflict,"",""
2251799821286742,Swiftbooks,Swiftbooks LLC,12150 SW 128 Ct Ste 212,12150 SW 128 Ct Ste 221,Miami,FL,accountant,accountant,0.77,0.77,conflict,"",""
08fc203609766b2e03adc81852d54f07,"Maria Bonita, Maria del Alma",Maria Bonita,Alvarado 2085,Alvarado 2085,Mar del Plata,B,mexican_restaurant,Dining and Drinking > Restaurant > Mexican Restaurant,0.9908651262761956,1.0,conflict,"",""
08f2a9150cd0508003581d4a8325cdc4,Craig's,Craig's Shoes & Sports,1270 US 22 W,"1270 US Rt. 22 NW, Suite 9",Washington Court House,OH,sports_wear,Retail > Sporting Goods Retail,0.9837452982267598,1.0,conflict,"",""
08f1eb535017124e034ea6a8818ccedc,Istituto Figlie di San Francesco,Istituto Figlie di S. Francesco,"Via Andrea Pisano, 56",Via Andrea Pisano 56,Pisa,52,preschool,Community and Government > Spiritual Center > Church,0.9837452982267598,1.0,conflict,"",""
08f1e819a260b74d031a7c47fed5a746,Hotel Olimpia  Silvi Marina TE,Hotel Olimpia,"Via Giovanni Pascoli, 16",Via Giovanni Pascoli 18,Silvi,65,hotel,Travel and Transportation > Lodging > Hotel,0.48103896103896104,1.0,conflict,"",""
08fa822010a830b2037f3c0c62de33fa,Cantão do Garimpo,Cantão,"Rua Antônio José Corrêa, 366",Rua Antônio José Corrêa 366,Rio Negro,PR,furniture_store,retail,0.9858576051779935,0.77,conflict,"",""
08f194db5b6b41b603a43ab00a1af2f2,Apotheek Luc Van Bellinghen,Apotheek Van Bellinghen Luc,Stationsstraat 247,Stationsstraat 247,Herzele,,vitamins_and_supplements,Retail > Pharmacy,0.9837452982267598,1.0,conflict,"",""
08fbe0e35d9928b503a627126ac33fbe,F45,F45 Training Pyrmont,55 Pyrmont Bridge Road,17 Pyrmont Bridge Road,Pyrmont,New South Wales,gym,gym,0.77,0.77,conflict,"",""
08f44a10427aa30403ae784f848c6402,KIDZ Pediatric Gastroenterology & Nutrition,KIDZ Pediatric Gastroenterology,3800 Johnson St Ste J,3800 Johnson St Ste J,Hollywood,FL,pediatrician,pediatrician,0.77,0.77,conflict,"",""
08f60a25956e9c3203411ea2c362c408,Profile Publishing Location Name - Suite,Profile Publishing Location 1,1766 Palo Verde Ave,1766 Palo Verde Ave,East Palo Alto,CA,automotive,automotive,0.77,0.77,conflict,"",""
08f195db493431320381b4048d82235d,ATM (Post Office),Atm,"345 Hertford Road, Lower Edmonton",345 Hertford Rd,London,"",atms,,0.77,1.0,conflict,"",""
08f2748c567756cb03490bd76febdb5b,iChiro Clinics/Peak Performance Integrated Medicine North Office,iChiro Clinics,4150 E Beltline Ave NE,4150 E Beltline Ave NE Ste 3,Grand Rapids,MI,chiropractor,massage,0.9962614185921548,0.77,conflict,"",""
08f1f10114810808039880fe9ebe7eaa,Kreutzer Taxi,"Kreutzer, Otto Taxidienst",Nienburger Str. 66,Nienburger Str. 66,Rehden,"",taxi_service,Travel and Transportation > Transportation Service > Taxi,0.77,1.0,conflict,"",""
08f29a0d698a1d6b0342a87ddd0dcb58,Farmers Insurance Bernardina Maldonado,Farmers Insurance - Bernardina Maldonado,40119 Murrieta Hot Springs Rd,40119 Murrieta Hot Springs Rd,Murrieta,CA,insurance_agency,auto_insurance,0.9828411287205256,0.77,conflict,"",""
08fa81008c25d6b2034056ee927c5840,pizzaria nunes,Pizzaria DE,"Avenida Morais Costa, 714",Avenida Morais Costa,São Paulo,SP,pizza_restaurant,Dining and Drinking > Restaurant > Pizzeria,0.23154848046309695,1.0,conflict,"",""
08f1ea3496a5164d03d849108a98dfbc,Gala Supermercato,Gala,Via P. Togliatti,Viale Palmiro Togliatti 2,Città Di Castello,PG,supermarket,,0.77,1.0,conflict,"",""
08f2661b2228b3990350416b04e58e61,Hollyhock Hill,Hollyhock Hill Restaurant,8110 N College Ave,8110 N College Ave,Indianapolis,IN,chicken_restaurant,chicken_restaurant,0.9962614185921548,0.77,conflict,"",""
281474977374045,Interstate Battery,Interstate All Battery Center,52 Daniel Webster Hwy,52 Daniel Webster Hwy,Merrimack,NH,battery_store,battery_store,0.77,0.77,conflict,"",""
08f1fae8de06cb6e0358ad20a5961710,ImmoWert Hessen,ImmoWert Hessen Carsten Nessler Sachverständige für Immobilien,Unter den Eichen 7,Unter den Eichen 7,Wiesbaden,,real_estate,Business and Professional Services > Real Estate Service,0.48103896103896104,1.0,conflict,"",""
08f1f852314e30580373a86cedf0b53a,Médiathèque De Seltz,Médiathèque municipale,2 Avenue du Général Schneider,2 avenue du Général Schneider,Seltz,,library,Community and Government > Library,0.9837452982267598,1.0,conflict,"",""
08f4cc5509061ad303a7130f7c630b8f,Rent-A-Center Puerto Rico,Rent-A-Center,685 Avenida Emerito Estrada Rivera,"1300 Avenida Emerito Estrada Rivera, N 685",San Sebastián,,furniture_store,retail,0.9523423423423424,0.77,conflict,"",""
08f1f03b0dc94056035f06ff7b194d4a,Innovent GmbH Greifswald,Innovent GmbH,Baustraße 32,Baustr. 32,Greifswald,,information_technology_company,Business and Professional Services > Security and Safety,0.9467515923566879,1.0,conflict,"",""
08f29a1d69b0b8da034c4f6acaa03eaf,Instyle Nails and Spa,Instyle nails,8539 W Sunset Blvd,Sunset Blvd,West Hollywood,CA,spas,Business and Professional Services > Health and Beauty Service > Nail Salon,0.9544061302681992,1.0,conflict,"",""
08f39616f5482a810322e6b0721ad100,Kia,Kia Mitsubishi Ssangyong Béziers Tressol-chabrier Amk,9002 Bd Pierre Malafosse,9002 boulevard Pierre Malafosse,,,car_dealer,Retail > Automotive Retail > Car Dealership,0.9908651262761956,1.0,conflict,"",""
08f1fa53546ab05103999663cd757e64,Schlenkhoff Baustoff-Fachhandel,Schlenkhoff Baustoff-Fachhandel GmbH,Haedenkampstraße 8,Haedenkampstr. 8,Essen,,building_supply_store,Retail > Hardware Store,0.9918379237288135,1.0,conflict,"",""
08f64a6b4236677403cc793222a2a938,ฅ.กาแฟ ซดสด,ฅ.กาแฟ ซด สด 2555,ริมคลองชลประทาน,ริมคลองชลประทาน,Lop Buri,,coffee_shop,"Dining and Drinking > Cafe, Coffee, and Tea House > Coffee Shop",0.28686635944700467,1.0,conflict,"",""
08f1e2e22d4cc14003d9c0dc5f8789d0,Fontis,Fontis sp.j. Apteka. PHU. Wójcik A.G.,ulica Bohaterów Warszawy 106,Bohaterów Warszawy 106,Busko-Zdrój,26,pharmacy,Retail > Drugstore,0.6214335421016005,1.0,conflict,"",""
08f1fa9b74c33ccc039483228348fd42,Euronics hifiboehm Zeulenroda,EURONICS Zeulenroda,Markt 5,Markt 5,Zeulenroda-Triebes,TH,electronics,Retail > Computers and Electronics Retail > Electronics Store,0.6214335421016005,1.0,conflict,"",""
08f1e2d08a086140034987d408a3dd0f,Galadom Lublin,Galadom,ulica Fabryczna 2,Fabryczna 2,Lublin,06,real_estate,pipeline_transportation,0.9919372693726938,0.77,conflict,"",""
08f1f1371293566103956d37a99719c0,"Praxis für Schmerzmedizin Dr. Carola Vogel, Privatpraxis (Selbstzahler/Privatversicherte)",Praxis für Schmerzmedizin,Mündener Str. 70,Mündener Str. 76,Reinhardshagen,Hesse,neurologist,,0.77,1.0,conflict,"",""
08f64a485d90050003025778785e590f,อาคารศิลาบาตร,อาคารศิลาบาตร ห้อง313(SBB313),,,,,campus_building,Community and Government > Education > College and University > College Classroom,0.48103896103896104,1.0,conflict,"",""
1407374887573410,Locatec Essen - RÜFA,Locatec Düsseldorf - RÜFA,Burgfeld 13-15,Burgfeld 13-15,Velbert,North Rhine-Westphalia,fire_and_water_damage_restoration,fire_and_water_damage_restoration,0.77,0.77,conflict,"",""
08f12db7756486da03e71a795e1b150a,"PLACE Landscape Architecture, LLC",PLACE Landscape Architecture,1325 W 1st Ave,1325 W 1st Ave Ste 204,Spokane,WA,professional_services,landscape_architect,0.9877528662420382,0.77,conflict,"",""
08f499586b644a620342160687c22f5f,Vulcanizadora Victoria,Vulcanizadora Víctor,Emiliano Zapata 30,Emiliano Zapata,,,automotive_repair,Business and Professional Services > Automotive Service > Automotive Repair Shop,0.9467515923566879,1.0,conflict,"",""
08f2656314813ce903d48de7e6fa2327,West Side Supply and Rental,"West Side Supply and Rental, Inc.",209 James Rollo Dr,209 James Rollo Dr,Grain Valley,MO,roofing,building_supply_store,0.9962614185921548,0.77,conflict,"",""
08f26cb8120b64f203d68aca639d4d4e,Waxahachie Ford Collision,Waxahachie Ford Parts,2401 N 1-35 E,2401 N 1-35 E,Waxahachie,TX,,auto_parts_and_supply_store,0.77,0.77,conflict,"",""
08f4995b9e3aba6c03df20d5c7b3d01a,"Escuela Secundaria Diurna 171 - ""Frida Kahlo""","Escuela Secundaria Diurna # 171 ""Frida Khalo""",Periferico,Periferico,Mexico City,,education,Community and Government > Education,0.7927927927927928,1.0,conflict,"",""
08f44d83b41acd1c03cf1eeefebb90c9,Elks Lodge 1709,Elk's Lodge 1709,1342 Spake Cir,1342 Spake Cir,Shelby,NC,community_services_non_profits,,0.9467515923566879,1.0,conflict,"",""
08f2aac6c880490d0366d0ef3078177a,Snap Fitness Joppa,Snap Fitness,413 Pulaski Hwy,413 Pulaski Hwy,Joppa,MD,gym,gym,0.9962614185921548,0.77,conflict,"",""
08f2e60113b58a10030d10e67f7b9ea2,カレット,カレット洋菓子店 矢田店,愛知県常滑市矢田垣出口４６−１,矢田垣出口46-1,常滑市,,bakery,"Dining and Drinking > Cafe, Coffee, and Tea House > Café",0.9837452982267598,1.0,conflict,"",""
08f2986ab206c300039901e1848d8d8a,Safety-Kleen Systems,Safety Kleen,4582 Donovan Way,4582 Donovan Way,North Las Vegas,NV,environmental_testing,Business and Professional Services > Waste Management Service,0.77,1.0,conflict,"",""
08f1e943a1d746cb03550d63d3c549a8,Mary Print Sardegna,Mary Print,"Via Dei Gerani, SNC",Via dei Gerani,,,shopping,Retail > Print Store,0.9544061302681992,1.0,conflict,"",""
08f1f898460ab53603441ef8aea5ad0b,WingTsun and Gesundheitsschule Chiemgau,WingTsun & Gesundheitsschule Chiemgau,Kindergartenstr. 10,Kindergartenstr. 10,Palling,Bavaria,self_defense_classes,Sports and Recreation > Martial Arts Dojo,0.77,1.0,conflict,"",""
08f2e689b2b60d4003b6dd0f28a909d8,がんこ亭和気店,がんこ亭 和気店,岡山県和気郡和気町福富４９７−２,和気町福富497-2,和気郡和気町,,japanese_restaurant,Dining and Drinking > Restaurant > Asian Restaurant > Japanese Restaurant > Ramen Restaurant,0.9837452982267598,1.0,conflict,"",""
08f29a1baeb2832203e9d467f859f591,Home Instead,Home Instead Senior Care,6593 Collins Dr,6593 Collins Dr Ste D-10,Moorpark,CA,home_health_care,home_health_care,0.9962614185921548,0.77,conflict,"",""
08fa884904d5d8aa03650d68d1b1dc18,Cheiro da Serra Store,Cheiro da Serra,"Rua Portugal, 10",Contém 1g,Nova Friburgo,RJ,cosmetic_and_beauty_supplies,Business and Professional Services > Health and Beauty Service > Hair Salon,0.28671328671328666,1.0,conflict,"",""
08f1f85ae5201aea032be7da504ebb74,EDEKA Kissel SBKcompact Landau,EDEKA Kissel SBK compact Landau,Taubensuhlstr. 3,Taubensuhlstr. 3-5,Landau in der Pfalz,"",supermarket,Retail > Food and Beverage Retail > Supermarket,0.77,1.0,conflict,"",""
08f268526bb45af50340c28883fc0c36,Odell Brewing Co,Odell Brewing Co-Small Batch Revival 2011,800 E Lincoln Ave,800 E Lincoln Ave,Fort Collins,CO,brewery,Dining and Drinking > Bar > Beer Garden,0.9837452982267598,1.0,conflict,"",""
08f1f8120960ecb603778517e167edf6,Volksbank Bad Saulgau,Volksbank,Hauptstr. 46,Hauptstr. 46,Sigmaringen,Baden-Wurttemberg,bank_credit_union,Business and Professional Services > Financial Service > Banking and Finance > Credit Union,0.77,1.0,conflict,"",""
1688849864445936,El Dorado Hills Sports Club and Spa,El Dorado Hills Sports Club,530 Post Ct,530 Post Ct,El Dorado Hills,CA,gym,gym,0.77,0.77,conflict,"",""
08f28a6d5425cc25036a19e18ff103fb,Vitality Integrated Programs,Vitality Integrated Programs (VIP),215 Bluffs Ave,215 Bluffs Ave Ste s 100,Elko,NV,counseling_and_mental_health,health_and_medical,0.9962614185921548,0.77,conflict,"",""
08f1ea3c489b4273031b699369b01d32,Pasticceria Soriani,Pasticceria Monti & Nanni SNC,"Via Vittoria Colonna, 19",Via Colonna 19,Rimini,45,desserts,Dining and Drinking > Dessert Shop,0.9837452982267598,1.0,conflict,"",""
08f26628d08d4a2d030c4dc286d4b250,Little Jewels - Evergreen,Little Jewels Learning Center,1730 Evergreen Blvd,1730 Evergreen Blvd,Normal,IL,day_care_preschool,preschool,0.9962614185921548,0.77,conflict,"",""
08f1e8828ac4a04b03e9df4bbc9c6e7f,"The Butcher's - Macelleria, Gastronomia e Braceria",The Butcher's - Macelleria e Gastronomia,"Via Vittorio Veneto, 4",Via Vittorio Veneto 4,Monopoli,75,butcher_shop,Dining and Drinking > Food Court,0.9645127118644068,1.0,conflict,"",""
08f2baa4a38803b4030fff24e83b9e53,Industria Pizzeria,Industria Pizzeria + Bar,1323 Boulevard Michèle-Bohec,1323 Blvd Michèle-Bohec,Blainville,QC,pizza_restaurant,bar,0.997898979043525,0.77,conflict,"",""
08f2a9625a169202036560877baa0345,Tomorrow's Technology Today,Tomorrows Technology Today,501 N Eastern Ave,501 N Eastern Ave Ste A,St Henry,OH,it_service_and_computer_repair,information_technology_company,0.9877528662420382,0.77,conflict,"",""
08f1e832b2d834640363c21800e2646c,Di Vicino Forni a Legna e a Gas,Di Vicino Forni Srls,"Via Dino Campana, 212",Via Campana 212- Quarto,Quarto,72,restaurant_equipment_and_supply,Dining and Drinking > Restaurant,0.9544061302681992,1.0,conflict,"",""
08f1f9ed91650d5c03d6422709e042e1,Hexagone,Hexagone Scène Nationale,24 Rue des Aiguinards,24 rue des Aiguinards,Meylan,,theatre,Arts and Entertainment > Performing Arts Venue > Concert Hall,0.9837452982267598,1.0,conflict,"",""
08f18252ed2e644003e208e0b4a322d1,Speedwell Family Support,Speedwell Trust,48 Parkanaur Road,57a Parkanaur Rd,Dungannon,NIR,charity_organization,Community and Government > Organization > Charity,0.3941504178272981,1.0,conflict,"",""
08f4995b8b14a09003421c303ebeea28,Servicio Condesa de Zacatecas,Servicio Condesa de Zacatecas Est. 13915,Avenida Santa Rosa 3,Av. Santa Rosa 1,Tlalnepantla de Baz,,gas_station,Travel and Transportation > Fuel Station,0.6214335421016005,1.0,conflict,"",""
08f1f15430b5a80a03d64cc7138c01f1,Thermo Systems,Thermo-Systems GmbH,Zur Alten Wörpe 4,Zur alten Wörpe 4,Lilienthal,,hvac_services,hvac_services,0.9877528662420382,0.77,conflict,"",""
08f26610dd02e62b03cb2f6c44b0c9b4,The Maids of Greenwood and Terre Haute,The Maids in Greenwood and Terre Haute,3197 S US Highway 231,"3197 S US 231, Unit B",Greencastle,IN,home_cleaning,home_cleaning,0.9877528662420382,0.77,conflict,"",""
08f1e8439298263003d04efb18ab2497,Ristorante Pizzeria Cavour,Ristorante Cavour,"Corso Camillo Benso di Cavour, 21",Corso Cavour 21,Todi,55,pizza_restaurant,Dining and Drinking > Restaurant > Italian Restaurant,0.9908651262761956,1.0,conflict,"",""
08f1f1d48823204b0359a6c51b3c437f,Bitkom Akademie,Bitkom Akademie,Albrechtstraße 10,Albrechtstr. 10,Berlin,,education,adult_education,0.997898979043525,0.77,match,"",""
08f2a107298e431c0386a137a00c7d6c,Walgreens,Walgreens,120 Court St,44 Court St,Brooklyn,NY,pharmacy,Retail > Pharmacy,0.9962614185921548,1.0,match,"",""
08f44c021830026803d17bc7c5fb545d,Campbell Veterinary Hospital,Campbell Veterinary Hospital,106 Walmart Dr,102 Walmart Dr,Eatonton,GA,veterinarian,animal_hospital,0.9962614185921548,0.77,match,"",""
562949962132921,MT caravane,MT Caravane,844-A Rue J.-Ambroise-Craig,844-A rue J.-Ambroise-Craig,Lévis,QC,recreation_vehicle_repair,recreation_vehicle_repair,0.77,0.77,match,"",""
562949957884331,Genesis Digestive Disease Specialists,Genesis Digestive Disease Specialists,999 Garden Rd,999 Garden Road,Zanesville,OH,gastroenterologist,gastroenterologist,0.77,0.77,match,"",""
08f2664c9939219403dbde16d5780a75,bp,BP,6749 Ogden Ave,6749 Ogden Ave,Berwyn,IL,gas_station,gas_station,0.9962614185921548,0.77,match,"",""
08f48932e69a12dd03d5671400e23b78,AT&T Store,AT&T Store,104 Shult Dr Ste A,104 Shult Dr Ste A,Columbus,TX,mobile_phone_accessories,Retail > Computers and Electronics Retail > Mobile Phone Store,0.77,1.0,match,"",""
08f26c866888838503899ce333500e26,Link & Associates,Link & Associates,10440 N Central Expy,10440 N Central Expy Ste 950,Dallas,TX,lawyer,general_litigation,0.997898979043525,0.77,match,"",""
1970324838493823,InfoBate,InfoBate,"750 Holiday Dr Ste 590, Foster Plaza Bldg 9","750 Holiday Dr Ste 590, Foster Plaza Bldg 9",Pittsburgh,PA,information_technology_company,information_technology_company,0.77,0.77,match,"",""
08f260d896124c8a03a272c5e79517be,Kum & Go,Kum & Go,409 Nile Kinnick Dr S,409 Nile Kinnick Dr,Adel,IA,convenience_store,convenience_store,0.9962614185921548,0.77,match,"",""
1407374883799450,Smashburger,Smashburger,3707 Bloomington St,3707 Bloomington St Spc 1226,Colorado Springs,CO,burger_restaurant,burger_restaurant,0.77,0.77,match,"",""
08f2a10b0d46bcc603dbea3a608a01bf,BP,BP,85 Church St,Church St 85,Ronkonkoma,NY,gas_station,gas_station,0.835944055944056,0.77,match,"",""
844424930402669,Commerce Bank,Commerce Bank,4400 Green Mount Crossing Dr,4400 Green Mount Crossing Dr,Shiloh,IL,bank_credit_union,bank_credit_union,0.77,0.77,match,"",""
1407374886203415,"Abraham C Gaupp, MD","Abraham C Gaupp, MD",1775 Dempster St,1775 Dempster St,Park Ridge,IL,anesthesiologist,anesthesiologist,0.77,0.77,match,"",""
08fa96e0d31aaa0003dff57d6d7652d6,Mongoaurelio Resto,Mongoaurelio Resto,Córdoba 70,Cordoba 70,Resistencia,,pizza_restaurant,Dining and Drinking > Restaurant > Pizzeria,0.2009132420091324,1.0,match,"",""
08f1e80505821ce503d0fee349992585,Dolce Maniera,Dolce Maniera,"Viale Giulio Cesare, 114","Via Barletta, 27",Roma,62,bakery,Dining and Drinking > Dessert Shop,0.9837452982267598,1.0,match,"",""
08f48b3c6391176103e7bd65dac904c1,Dollar Tree,Dollar Tree,23969 Stuart Place Rd,23969 Stuart Place Rd,Harlingen,TX,discount_store,convenience_store,0.9962614185921548,0.77,match,"",""
08f2aa859dba3af003731e8ef72ef347,International Bakery,International Bakery,113 E Diamond Ave,113 E Diamond Ave,Gaithersburg,MD,bakery,Dining and Drinking > Bakery,0.6214335421016005,1.0,match,"",""
08f1e8b284d8dc4d034b3342ce3cb2f4,Il Bastione,Il Bastione,"Riviera Nazario Sauro, 28",Via Sauro 28,Gallipoli,75,seafood_restaurant,Dining and Drinking > Restaurant > Seafood Restaurant,0.9837452982267598,1.0,match,"",""
08f194a9335320c20327880599247e83,Domino's Pizza,Domino's Pizza,143 High Street,143 High Street,Rochester,ENG,pizza_restaurant,Dining and Drinking > Restaurant > Pizzeria,0.9962614185921548,1.0,match,"",""
08f2a15462cf6b4d0326f85bc01070e3,uBreakiFix,uBreakiFix,1826 Old Country Rd,1826 Old Country Rd,Riverhead,NY,electronics,mobile_phone_repair,0.9962614185921548,0.77,match,"",""
1125899911811999,ARCO,ARCO,4161 Saint Rose Pkwy,4161 Saint Rose Pkwy Ste A,Henderson,NV,gas_station,gas_station,0.77,0.77,match,"",""
08f60a25956e9c3203ba91cd4c1ef891,13214343,13214343,1766 Palo Verde Ave,1766 Palo Verde Ave,East Palo Alto,CA,,,0.77,0.77,match,"",""
08f2802adab6e00c030a1be91d4875ee,Carriage House,Carriage House,937 10th St,958 10th St.,Arcata,CA,restaurant,Dining and Drinking > Bar > Wine Bar,0.9645127118644068,1.0,match,"",""
1125899912262407,Olympia Gymnastics & Cheer,Olympia Gymnastics & Cheer,6925 E Sunbelt Dr,6925 E Sunbelt Dr,San Antonio,TX,cheerleading,cheerleading,0.77,0.77,match,"",""
1125899910833739,Minute Key,Minute Key,6211 N Illinois St,6211 N Illinois St,Fairview Heights,IL,key_and_locksmith,key_and_locksmith,0.77,0.77,match,"",""
08f195da48ac889c038925b03f3b7b34,The Prince Regent,The Prince Regent,71 Marylebone High Street,71 Marylebone High St,London,ENG,pub,irish_pub,0.997898979043525,0.77,match,"",""
08f1ea3d3184e6c803e98d556aa5e9c6,Estetica Sara,Estetica Sara,via Saffi 6,Via A.Saffi,Forlimpopoli,,spas,Business and Professional Services > Health and Beauty Service > Spa,0.28686635944700467,1.0,match,"",""
08f4440c1249b85c03b5b634418623f6,"Carl Sidney Luikart, MD","Carl Sidney Luikart, MD",7777 Hennessy Blvd Ste 1000,7777 Hennessy Blvd Ste 1000,Baton Rouge,LA,cardiologist,cardiologist,0.77,0.77,match,"",""
08f26aa536d9db580322956a78b86154,European Motor Cars Inc,European Motor Cars Inc,802 E Mulberry St,505 Riverside Ave,Fort Collins,CO,automotive_repair,brake_service_and_repair,0.997898979043525,0.77,match,"",""
1970324839862623,The Brace Place,The Brace Place,569 NE Clay Ave,569 NE Clay Ave,Bend,OR,orthodontist,orthodontist,0.77,0.77,match,"",""
08f1f984007324a103006beac17ac2eb,aqva,Aqva,"Via San Donato, 46H",Via Antonio Pacinotti,Torino,21,pet_store,Retail > Pet Supplies Store,0.9908651262761956,1.0,match,"",""
08f1faba31a060030311b939ef52c6da,Casino Lichtspiele,Casino Lichtspiele,Eschenauer Hauptstraße 55,Orchideenstraße 29,Eckental,,cinema,Arts and Entertainment > Movie Theater,0.9544061302681992,1.0,match,"",""
08f2621a6972e00d03d5156fe2c80dde,Tires Plus,Tires Plus,12700 Wayzata Blvd,12700 Wayzata Blvd,Minnetonka,MN,tire_dealer_and_repair,tire_shop,0.9962614185921548,0.77,match,"",""
08f1e15b73ce531b03ec071d30dc52af,Merak,Merak,Mariahilfer Straße 139,Mariahilfer Straße 139,Wien,,barbecue_restaurant,barbecue_restaurant,0.9962614185921548,0.77,match,"",""
08f26c80c458a69603342e20e86d7561,SPENGA Prosper,SPENGA Prosper,900 South Preston Road Suite 30,900 S Preston Rd Ste 30,Prosper,TX,gym,gym,0.77,0.77,match,"",""
08f392ea0d4ea8da03cde6ad03c0fe74,Lupa Supermercados,Lupa Supermercados,"Avda. Obispo Panduro y Villafañe, 39","Avda. Obispo Panduro y Villafañe, 39",Valderas,León,supermarket,supermarket,0.77,0.77,match,"",""
08f2668b8579dc5a03afce7f390fe275,Circle K,Circle K,7800 St Andrews Church Rd,9737 Old Third St Rd,Louisville,KY,convenience_store,convenience_store,0.9918379237288135,0.77,match,"",""
1125899910314744,The Glen At Shawmont Station,The Glen at Shawmont Station,300 Autumn River Run,300 Autumn River Run,Philadelphia,PA,apartments,apartments,0.77,0.77,match,"",""
1407374884715009,BP,BP,S 10th St 2705,2705 S 10Th St,Manitowoc,WI,gas_station,gas_station,0.77,0.77,match,"",""
