alt_name,base_name,city,predicted_type,recommended_action,confidence,reasoning
"Friseur Salon ""Zur alten Wache"" | Inhaberin Kathleen Lindt","Friseur Salon ""Alte Wache""",Ratzeburg,same_entity_diff_name,prefer_alt,high,"Both names refer to the same hair salon in Ratzeburg with nearly identical core branding (""Zur alten Wache"" vs ""Alte Wache""), differing only in the preposition ""Zur"" (meaning ""to the"") and the addition of the owner's name in the alt record. The categories align (both hair salons), the location matches, and the structural difference reflects formality/completeness conventions rather than a genuine entity distinction."
"Thyssenkrupp Materials North America, Copper and Brass Sales",Thyssenkrupp Materials 025FRS,Fresno,same_entity_diff_name,prefer_alt,medium,"The alt_name describes a specific division (Copper and Brass Sales) of Thyssenkrupp Materials' North American operations, while the base_name appears to use an internal identifier or code (025FRS) instead of a descriptive name. Both refer to the same parent company in the same city (Fresno, CA), suggesting the same entity with different naming conventions—one descriptive and one code-based. However, the category mismatch (metal_supplier vs. Construction services) and the opacity of the base_name identifier introduce ambiguity about whether these truly represent the same operational unit."
Citibanamex 30 Av. Playa Del Carmen,Citibank,Playa del Carmen,same_entity_diff_name,prefer_alt,high,"The alt_name includes a specific branch address (""30 Av. Playa Del Carmen"") and uses the Mexican subsidiary brand ""Citibanamex,"" while the base_name uses only the global parent brand ""Citibank."" Both refer to the same financial institution in the same city, and the categories align (bank/banking). This is a classic case of subsidiary vs. parent brand naming with location-specific detail in the alt_name."
"Landwirtschaftskammer (LWK) Niedersachsen, Standort Hannover",Landwirtschaftskammer Niedersachsen,Hannover,same_entity_diff_name,flag_for_review,low,"The alt_name includes a specific branch location (""Standort Hannover"") and abbreviation (""LWK"") while the base_name is the organization's main entity without location specificity. However, the category mismatch (florist vs. Business and Professional Services > Office) is significant and inconsistent with the same organization, suggesting potential data quality issues or misclassification in one of the records."
Sport Clips Haircuts of Panama City - Cahall's Deli Plaza,Sport Clips Haircuts of Lynn Haven,Lynn Haven,location_mismatch,flag_for_review,high,"The alt_name specifies ""Panama City"" as the location while the base_name specifies ""Lynn Haven"", and the city field confirms the base record is in Lynn Haven, FL. These are two distinct cities in Florida, indicating these are different branch locations of the same Sport Clips chain rather than the same physical establishment."
Effetto Shock snc,Effetto Shok SNC di Foglietta e Cariani,Foligno,same_entity_diff_name,prefer_base,high,"Both names refer to the same hair salon in Foligno with matching categories, but differ in naming conventions: ""Effetto Shock"" vs ""Effetto Shok"" (likely a typo/spelling variant) and the base name includes the full legal structure with owners' names (""di Foglietta e Cariani"") and ""SNC"" (società in nome collettivo - Italian partnership designation), while the alt name uses only the abbreviated ""snc"". The shared city and category confirm they are the same entity using different formality levels."
"อุทยานแห่งชาติแก่งกระจาน เพชรบุรี, Kaeng Krachan National Park, Phetchaburi",อุทยานแห่งชาติแก่งกระจาน (Kaeng Krachan National Park),Ban Kaeng Kachan,same_entity_diff_name,prefer_alt,high,"Both names refer to the same national park (Kaeng Krachan) with matching categories, and the alt_name includes additional location detail (Phetchaburi province) while the base_name uses a more concise parenthetical format; this is a same_entity_diff_name situation where the alt includes geographic context for disambiguation."
Prosa & Segredo - Serviços Contábeis & Inteligência Empresarial,Prosa & Segredo - Inteligência Empresarial,Campo Grande,same_entity_diff_name,prefer_alt,high,"The alt_name includes ""Serviços Contábeis"" (Accounting Services) as an explicit descriptor, while the base_name omits this component entirely. Both names share the core ""Prosa & Segredo - Inteligência Empresarial"" portion and refer to the same entity in the same location (Campo Grande, MS). The alt_name is a more complete/descriptive version that clarifies the accounting service focus, making this a same_entity_diff_name situation where one variant is simply more detailed than the other."
Klecks Schule der Phantasie,KlecksX,Wolfratshausen,abbreviation_variant,prefer_alt,high,"""Klecks Schule der Phantasie"" is the full formal German name meaning ""Klecks School of Imagination,"" while ""KlecksX"" appears to be a shortened or branded variant of the same institution. Both records agree on the category (school/education) and location (Wolfratshausen), and the name relationship is consistent with an abbreviation or rebranding where the full descriptive name differs from a shorter commercial variant."
Ferreteria y Madereria La Familia,Ferreteria y Madereria Renta de Maquinaria la Familia,Ensenada,same_entity_diff_name,prefer_base,high,"Both names refer to the same hardware/ferretería store (""La Familia"") in Ensenada with matching categories, but the base name includes an additional service descriptor (""Renta de Maquinaria"" = machinery rental) that the alt name omits. This is a case where one name is more complete/descriptive of the full business scope while both identify the same entity."
Plumas Pines VACATION HOMES & RENTALS,Plumas Pines Realty,Blairsden Graeagle,same_entity_diff_name,prefer_alt,medium,"Both names refer to the same business entity in the same location (Blairsden Graeagle, CA), but differ in their service emphasis: ""Plumas Pines VACATION HOMES & RENTALS"" highlights the vacation rental service focus, while ""Plumas Pines Realty"" uses the parent business category. The categories reflect this difference (vacation_rental_agents vs Real Estate Agency), suggesting these are the same real estate company with different naming conventions for different service lines or marketing contexts."
Comfort Inn Alexandria West - Landmark,Comfort Inn Landmark,Alexandria,same_entity_diff_name,prefer_alt,high,"The alt_name includes a geographic descriptor ""Alexandria West"" that specifies the location and district, while the base_name omits this location detail entirely. Both refer to the same hotel chain and landmark property in Alexandria, VA, with matching categories. The alt_name is more descriptive and complete, including the directional qualifier that distinguishes this specific property."
B&B Hôtels,B&B Hôtel Lyon Ouest Tassin,Tassin-la-Demi-Lune,abbreviation_variant,prefer_base,high,"The alt_name ""B&B Hôtels"" is the corporate brand name (plural form), while the base_name ""B&B Hôtel Lyon Ouest Tassin"" is a specific hotel location with geographic identifiers (city and district). Both records share the same category (hotel) and city (Tassin-la-Demi-Lune), confirming they refer to the same entity. The base_name is the expanded form containing the brand plus the location-specific branch identifier, making this a classic abbreviation_variant case where the normalization pipeline failed to recognize the brand + location pattern."
Bitezz,Bitez Mandalina Şenliği,,abbreviation_variant,prefer_base,high,"""Bitezz"" is an abbreviated or informal variant of ""Bitez Mandalina Şenliği"" (a mandarin festival in Bitez), where the full name explicitly describes the event type and location while the shorter form uses only the place name with a stylized spelling variation (double 'z'). Both records share the same category (event_planning) and likely refer to the same annual festival."
元妙古觀,元妙古观 Yuanmiao Temple,Huizhou,same_entity_diff_name,prefer_base,high,"Both names refer to the same Chinese temple (元妙古觀/元妙古观 = Yuanmiao Temple) in Huizhou, with the alt_name using traditional characters and the base_name combining simplified characters with a romanized English translation. The category mismatch (mission vs structure_and_geography) reflects different classification systems rather than different entities, and the shared location confirms this is the same place with alternative naming conventions."
Movement Mortgage - Ligia Bec,"Movement Mortgage, 39179 - Ligia Bec, 134019",Clackamas,same_entity_diff_name,prefer_alt,high,"Both names refer to the same mortgage lender (Movement Mortgage) with the same loan officer (Ligia Bec) in the same location (Clackamas, OR). The base_name includes numeric identifiers (39179 and 134019) that appear to be internal reference codes, while the alt_name uses a cleaner, more user-facing format. The category mismatch (""mortgage_lender"" vs ""Business and Professional Services > Financial Service"") reflects different taxonomy systems but both correctly classify the entity. This is a naming convention difference, not a structural mismatch."
Concord Foot & Ankle Center,Concord Feet,Concord,location_mismatch,flag_for_review,medium,"The two names refer to the same location in Concord, MA, but the category mismatch (podiatrist vs. Landmarks and Outdoors > Structure) and the significant difference in naming conventions suggest these may be different entities or a matching error. ""Concord Foot & Ankle Center"" is a specific medical practice name, while ""Concord Feet"" is either a shortened version or potentially a different business entirely. The category disagreement is a critical red flag that undermines confidence in the match."
ゴルフパートナーpga大宮店,ゴルフパートナー PGATOURSUPERSTORE大宮店,Saitama-shi,abbreviation_variant,prefer_base,high,"Both names refer to the same Golf Partner sporting goods retailer in Saitama's Omiya location, with identical categories and geography. The alt_name uses the abbreviated ""pga"" while base_name uses the full ""PGATOURSUPERSTORE"" brand designation—a clear abbreviation variant where the normalization pipeline failed to recognize ""pga"" as a standard abbreviation for ""PGA TOUR SUPERSTORE."""
"Harmonia Centro Medico, Centro de Cirugía Ambulatoria",Harmonia Centro de Cirugía Ambulatoria,Monterrey,same_entity_diff_name,prefer_alt,high,"The alt_name includes ""Harmonia Centro Medico"" as a prefix followed by the base_name as a suffix, indicating the alt_name is an expanded form that adds a parent organization or descriptive qualifier. Both names share the core ""Centro de Cirugía Ambulatoria"" (Ambulatory Surgery Center) identifier, same city (Monterrey), and compatible categories (hospital vs Medical Center), confirming they refer to the same entity with different naming conventions."
"San Miguelito Desayunos, Carnes y Mariscos",San Miguelito Restauran Bar,Uriangato,same_entity_diff_name,prefer_alt,high,"Both names refer to the same restaurant in Uriangato with matching categories (seafood_restaurant), but they emphasize different aspects of the menu: ""San Miguelito Desayunos, Carnes y Mariscos"" explicitly lists breakfast, meats, and seafood, while ""San Miguelito Restauran Bar"" uses a more generic descriptor. This is a same_entity_diff_name situation where the alt name provides more specific menu details while the base name uses abbreviated/simplified naming."
13º Batalhão de Bombeiros Militar - SC,13º Batalhão de Bombeiro Militar - Balneário Camboriú,Balneário Camboriú,same_entity_diff_name,prefer_base,high,"Both names refer to the same fire department (13º Batalhão de Bombeiros Militar) located in Balneário Camboriú, SC, with the base name being more specific by including the city location while the alt name omits it; the minor plural/singular variation in ""Bombeiros"" vs ""Bombeiro"" is a Portuguese language normalization difference that does not indicate different entities."
Robert Walters Group,Robert Walters Recruitment Ireland,Dublin,same_entity_diff_name,prefer_base,high,"The base_name ""Robert Walters Recruitment Ireland"" is a regional subsidiary/office specification of the parent entity ""Robert Walters Group,"" representing the same organization but at different hierarchical levels. Both are located in Dublin and serve related business functions (professional services vs. employment agencies are closely aligned), indicating this is a same-entity naming difference rather than a location mismatch or abbreviation variant."
Arnold Clark Glasgow Vauxhall,Arnold Clark Glasgow Hamilton Road Vauxhall,Glasgow,same_entity_diff_name,prefer_base,high,"Both names refer to Arnold Clark automotive dealerships in Glasgow with identical categories, but they differ in street-level specificity: the base name includes ""Hamilton Road"" while the alt name omits this detail. Since both share the same city and category, this appears to be the same dealership with one name providing more complete location information, making this a same_entity_diff_name case rather than a location_mismatch."
Barclays ATM,Barclays Bank Cash Machine,West Sussex,same_entity_diff_name,prefer_alt,high,"Both names refer to the same ATM service at the same location (West Sussex) with compatible categories (both are ATMs/banking ATMs). The difference is purely descriptive: ""Barclays ATM"" is a concise, modern naming convention while ""Barclays Bank Cash Machine"" is more formal and explicit. This is a classic same_entity_diff_name case where the entity (an ATM operated by Barclays) is described using different terminology and formality levels."
Barclays ATM,Barclays Bank Cash Machine,North Yorkshire,same_entity_diff_name,prefer_alt,high,"Both names refer to the same ATM service at the same location (North Yorkshire), with identical category alignment (atms/ATM). The difference is purely descriptive: ""Barclays ATM"" is a concise, modern naming convention while ""Barclays Bank Cash Machine"" is more formal and explicit. This is a classic same_entity_diff_name case where alternative naming conventions describe the identical real-world object."
Barclays ATM,Barclays Bank Cash Machine,Shropshire,same_entity_diff_name,prefer_base,high,"Both names refer to the same ATM service at the same location (Shropshire) with matching category semantics (atms vs ATM in banking hierarchy). ""Barclays ATM"" is a shortened, informal description while ""Barclays Bank Cash Machine"" is a more formal and complete description of the identical entity, representing different naming conventions rather than different locations or structural variants."
A.F.K. Automobile GmbH,A.F.K. Autoteile Fachmarkt Kale GmbH,Straubing,same_entity_diff_name,prefer_base,medium,"Both names share the ""A.F.K."" prefix and refer to automotive businesses in the same city (Straubing), but the base name includes additional descriptors (""Autoteile Fachmarkt"" = auto parts specialty market, and ""Kale"") that are absent from the alt name. The categories align on automotive repair, suggesting the same entity, but the structural difference indicates either different business lines of the same parent company or a naming convention difference where the alt name is a shortened/simplified version."
Mudanzas y Transportes ARCA,Mudanzas Arca,León,same_entity_diff_name,flag_for_review,medium,"The two names refer to the same business (Arca moving/transport company in León), but they differ significantly in category classification: alt_name is categorized as ""freight_and_cargo_service"" while base_name is categorized as ""Retail > Furniture and Home Store."" This category mismatch, combined with the alt_name's more complete description (""Mudanzas y Transportes ARCA"" vs ""Mudanzas Arca""), suggests a data quality issue rather than a simple naming variant—the base_name's furniture retail categorization appears to be an upstream classification error."
Tous en Scène La Bouquerie Condom,Tous en Scène Condom,Condom,same_entity_diff_name,flag_for_review,medium,"The alt_name includes ""La Bouquerie"" as a location descriptor within Condom, while the base_name omits this detail; both records share the same city (Condom) and refer to the same organization, but differ in category classification (theatre vs. non-profit organization), suggesting either a categorization error or that one record captures a more specific venue detail than the other."
Panificio De Mattei,Panificio Saraceno di De Mattei,Sanremo,same_entity_diff_name,prefer_base,high,"Both names refer to the same bakery in Sanremo with the owner surname ""De Mattei"" as the common element. The base name includes an additional descriptor ""Saraceno"" (likely a brand or location identifier) that the alt name omits, representing a difference in naming formality/completeness rather than a structural mismatch or location discrepancy. The categories align (bakery), and the city/state match, confirming this is the same entity with variant naming conventions."
Kreutzer Taxi,"Kreutzer, Otto Taxidienst",Rehden,same_entity_diff_name,prefer_alt,high,"Both names refer to the same taxi service in Rehden with matching categories (taxi_service), but differ in formality and structure: ""Kreutzer Taxi"" is a shortened, modern brand form while ""Kreutzer, Otto Taxidienst"" includes the owner's name (Otto) and the German word ""Taxidienst"" (taxi service), representing a more traditional/formal naming convention for the same entity."
Mishicot Fire Dept,Mishicot Volunteer Fire Depart,Mishicot,same_entity_diff_name,prefer_base,high,"Both names refer to the same fire department in Mishicot, WI with matching categories and location; the difference is stylistic abbreviation (""Dept"" vs ""Depart"") and descriptor variance (""Fire Dept"" vs ""Volunteer Fire Depart""), representing the same entity with different naming conventions rather than a structural mismatch."
Alebrijes Restaurante Bar,Alebrijes bar,Tijuana,same_entity_diff_name,prefer_alt,high,"Both names refer to the same establishment (Alebrijes) in Tijuana with aligned categories (restaurant vs. bar), but differ in formality and completeness—one includes ""Restaurante Bar"" (full descriptor) while the other uses just ""bar"" (shortened form), representing the same entity with different naming conventions."
Roto-Rooter Plumbing and Water Cleanup,Roto-Rooter Plumbing & Water Cleanup of Loganville,Loganville,same_entity_diff_name,prefer_base,high,"Both names refer to the same Roto-Rooter franchise in Loganville, GA with identical categories (plumbing). The base_name includes the geographic qualifier ""of Loganville"" while the alt_name omits it, representing the same entity with different levels of specificity in naming convention rather than different branches or entities."
Courtyard Philadelphia Springfield,Courtyard by Marriott Philadelphia Springfield,Springfield,same_entity_diff_name,prefer_base,high,"The base name includes the full brand descriptor ""by Marriott"" while the alt name omits it; both refer to the same hotel property in Springfield, PA with matching categories and location, making this a straightforward brand naming variant where the full corporate name is more complete and formal."
Di Vicino Forni a Legna e a Gas,Di Vicino Forni Srls,Quarto,same_entity_diff_name,prefer_alt,high,"The alt_name describes the business by its product offerings (wood and gas ovens), while the base_name uses the legal entity designation (Srls = limited liability company). Both names refer to the same business in the same location (Quarto, state 72), but the categories differ—one emphasizes restaurant equipment supply while the other categorizes it as a dining establishment. This is a same_entity_diff_name case where one name is descriptive/product-focused and the other is the formal legal business name."
Schott-Rohrglas GmbH,SCHOTT AG,Mitterteich,location_mismatch,flag_for_review,high,"The two names represent different legal entities within the same corporate group: ""Schott-Rohrglas GmbH"" is a subsidiary company (GmbH = limited liability company) while ""SCHOTT AG"" is the parent holding company (AG = stock corporation). The conflicting categories (event_planning vs. active_life) and the structural difference between subsidiary and parent entity names indicate this is a parent-subsidiary relationship rather than the same entity with different naming conventions, suggesting a likely upstream matching error."
"Scott J Morris, DMD",Scott J Morris Family Practice,West Norriton Twp,same_entity_diff_name,prefer_base,high,"Both names refer to the same dentist (Scott J Morris) in the same location (West Norriton Twp, PA), but differ in formalization: ""DMD"" (Doctor of Dental Medicine credential) versus ""Family Practice"" (service descriptor). The categories are closely related (dentist vs. cosmetic_dentist), suggesting the same entity with different categorical interpretations rather than a location or data quality issue."
Maison Nègre,Maison Artisanale Nègre,Lacaune,abbreviation_variant,prefer_base,high,"The alt_name ""Maison Nègre"" is a shortened form of the base_name ""Maison Artisanale Nègre"", where ""Artisanale"" (artisanal/craft) is omitted; both refer to the same butcher shop in Lacaune and share the same location, making this an abbreviation_variant case where the base name is the more complete/formal version."
Profile Publishing Location 1,Profile Publishing Location Name - Suite,East Palo Alto,test_data,discard,high,"Both names appear to be placeholder or synthetic entries rather than actual business names—""Profile Publishing Location 1"" and ""Profile Publishing Location Name - Suite"" lack any meaningful business identifier, brand name, or specific location descriptor typical of automotive businesses, suggesting these are test data or corrupted records that should not exist in production."
Profile Publishing Location Name - Suite,Profile Publishing Location 1,East Palo Alto,test_data,discard,high,"Both names are clearly synthetic or placeholder entries with generic ""Profile Publishing Location"" prefixes followed by arbitrary suffixes (""Suite"" vs ""1""), matching the pattern of test data that should not appear in production datasets. The identical category and location do not overcome the structural invalidity of these entries."
Profile Publishing Location Name - Suite,Profile Publishing Location 1,East Palo Alto,test_data,discard,high,"Both names are clearly synthetic or placeholder entries with generic ""Profile Publishing Location"" prefixes followed by arbitrary suffixes (""Suite"" vs ""1""), matching the pattern of test data that should not appear in production datasets. The identical category and location do not overcome the structural invalidity of these entries."
Profile Publishing Location 1,Profile Publishing Location Name - Suite,East Palo Alto,test_data,discard,high,"Both names appear to be placeholder or synthetic entries rather than actual business names—""Profile Publishing Location 1"" and ""Profile Publishing Location Name - Suite"" lack any meaningful business identifier, brand name, or specific location descriptor typical of automotive businesses, suggesting these are test data or corrupted records that should not exist in production."
Profile Publishing Location 1,Profile Publishing Location Name - Local,East Palo Alto,test_data,discard,high,"Both names are placeholder or test strings that lack meaningful business identity—""Profile Publishing Location 1"" is a generic numeric placeholder and ""Profile Publishing Location Name - Local"" is a template-style entry. Neither resembles an actual automotive business name, indicating these are synthetic or invalid data entries that should not exist in production."
ตี๋นมสด เชียงราย,ตี๋นมสด(Teenomsod) เชียงราย,,same_entity_diff_name,prefer_base,high,"Both names refer to the same café in Chiang Rai with identical Thai text (ตี๋นมสด เชียงราย), but the base_name includes a romanized transliteration ""(Teenomsod)"" in parentheses. The categories are functionally equivalent (both identify a café), and the city context is consistent. This is a same_entity_diff_name relationship where one version provides additional transliteration for English-speaking users."
PPG Paints - Louisville Paint Store,PPG Paints - Paint Store,Louisville,same_entity_diff_name,prefer_alt,high,"Both names refer to the same PPG Paints store in Louisville, KY with identical categories, but the alt_name includes the specific city location ""Louisville"" while the base_name is a generic descriptor. This is a same_entity_diff_name case where one variant provides geographic specificity while maintaining the core brand identity."
Interstate Battery,Interstate All Battery Center,Merrimack,same_entity_diff_name,prefer_base,high,"Both names refer to the same battery retail business in the same location (Merrimack, NH) with matching categories. ""Interstate Battery"" is the corporate brand name, while ""Interstate All Battery Center"" is a more descriptive, location-specific variant that adds ""All Battery Center"" to clarify the business type — a common naming pattern for franchise locations."
"The Butcher's - Macelleria, Gastronomia e Braceria",The Butcher's - Macelleria e Gastronomia,Monopoli,same_entity_diff_name,prefer_alt,medium,"The alt_name includes ""Braceria"" (grill/steakhouse) as an additional service descriptor beyond the base_name, representing the same establishment with expanded service offerings described. Both names share the core ""The Butcher's - Macelleria e Gastronomia"" structure, but the categories conflict (butcher_shop vs Food Court), suggesting inconsistent classification rather than different locations since the city and state match."
Pasticceria Soriani,Pasticceria Monti & Nanni SNC,Rimini,location_mismatch,flag_for_review,high,"These are two distinct pastry shops with different ownership names (Soriani vs. Monti & Nanni) in the same city and matching dessert categories, indicating they are different entities rather than naming variants of the same place."
Euronics hifiboehm Zeulenroda,EURONICS Zeulenroda,Zeulenroda-Triebes,same_entity_diff_name,prefer_base,high,"Both names refer to the same Euronics electronics retailer in Zeulenroda, with matching city and category information. The alt_name includes ""hifiboehm"" (likely a local business partner or subsidiary brand operating under Euronics), while the base_name uses only the parent brand. This represents a same_entity_diff_name relationship where one name includes a subsidiary/local operating name while the other uses only the parent brand."
Bitcoin of America ATM,Bitcoin of America - Bitcoin ATM,Nashville,same_entity_diff_name,prefer_alt,high,"Both names refer to the same Bitcoin ATM service in Nashville, TN, with matching categories (ATMs vs Financial Services), but differ only in descriptive phrasing: ""Bitcoin of America ATM"" is a concise service-focused name while ""Bitcoin of America - Bitcoin ATM"" is more explicit about the brand and function. This is a straightforward naming convention difference for the same entity."
Fishlake Lumber Company,Fishlake Lumber Co & Ace Hardware,Beaver,same_entity_diff_name,prefer_base,high,"Both names refer to the same retail business in Beaver, UT with matching categories, but the base name includes the co-located Ace Hardware partner while the alt name omits it—this is a same_entity_diff_name situation where one name is more complete/descriptive than the other."
Brandon Disney - State Farm Agent,Brandon Disney - State Farm Insurance Agent,Bluefield,same_entity_diff_name,prefer_base,high,"Both names refer to the same State Farm agent (Brandon Disney) in the same location (Bluefield, WV), with the base_name simply being more explicit by adding ""Insurance"" before ""Agent"" — a minor formality/completeness difference in how the job title is expressed rather than a structural mismatch."
Trinity Joppa,Trinity Lutheran Church,Joppa,same_entity_diff_name,prefer_base,high,"Both names refer to the same church entity with matching categories (church_cathedral) and location (Joppa, MD). ""Trinity Joppa"" is a shortened form that omits the denomination ""Lutheran Church,"" while ""Trinity Lutheran Church"" is the full formal name. This is a naming convention difference where one name uses a locality-based shorthand and the other uses the complete institutional designation."
Kempsey Skip Bins,Kempsey Skips & Scrap Metal,South Kempsey,same_entity_diff_name,prefer_base,high,"Both names refer to the same waste management business in South Kempsey, NSW, with ""Skip Bins"" being a common abbreviated form of ""Skips & Scrap Metal"" services. The category mismatch (garbage_collection_service vs Home Improvement Service) reflects different taxonomies for the same core business, and the shared location and core ""Kempsey Skips"" identifier strongly suggest this is a same_entity_diff_name case where one name emphasizes the skip bin service while the other includes the additional scrap metal component."
Speedwell Family Support,Speedwell Trust,Dungannon,same_entity_diff_name,prefer_base,high,"Both names refer to the same charity organization in Dungannon, Northern Ireland with matching categories (charity_organization), but differ in their descriptive suffix: ""Family Support"" describes a service/function while ""Trust"" is a legal/structural designation. This is a same_entity_diff_name pattern where the base name uses the formal legal entity name and the alt name emphasizes the primary service area."
Ristorante Pizzeria Cavour,Ristorante Cavour,Todi,same_entity_diff_name,prefer_alt,high,"The alt_name includes ""Pizzeria"" as a descriptor while the base_name omits it; both names refer to the same restaurant (Cavour) in the same location (Todi, state 55), and both categories indicate Italian dining establishments, suggesting this is a naming variation rather than a different entity."
Draeger Interlock,Draeger Ignition Interlock,Springfield,location_mismatch,flag_for_review,medium,"The names differ significantly in both specificity and implied function: ""Draeger Interlock"" is a generic product/parts name while ""Draeger Ignition Interlock"" specifies the exact type of ignition interlock device. However, the category mismatch is critical—one categorizes as automotive parts/accessories while the other as business/professional services/factory—suggesting these may reference different aspects of Draeger's operations (product vs. manufacturing facility) or a upstream matching error. The shared location (Springfield, VA) and city reduce but do not eliminate location_mismatch concern, and the category disagreement suggests these entities may not be identical."
Sky Zone Whitby,Sky Zone Trampoline Park,Whitby,same_entity_diff_name,prefer_alt,high,"The alt_name includes the specific location (Whitby) while the base_name uses the generic category descriptor (Trampoline Park). Both refer to the same Sky Zone franchise location in Whitby, ON, with matching city/state and related but non-identical categories (sports_and_recreation_venue vs trampoline_park). This is a same_entity_diff_name case where one name emphasizes location and the other emphasizes the business type."
ヤマト運輸 YamatoTransport,ヤマト運輸 伊達センター,Date-shi,same_entity_diff_name,prefer_base,high,"Both names refer to ヤマト運輸 (Yamato Transport), the same Japanese logistics company, but the base_name includes a specific facility identifier ""伊達センター"" (Date Center), indicating a particular branch/distribution center, while the alt_name is a generic romanized version of the corporate brand name without location specificity. The shared city (Date-shi) and compatible categories confirm they reference the same organization, but the base record is location-specific whereas the alt record is corporate-level."
Contractors' Equipment and Service Corporation,Contractors' Equipment & Service Corp,Honolulu,abbreviation_variant,flag_for_review,medium,"The two names are abbreviation variants of the same business (""Corporation"" vs ""Corp"", ""&"" vs ""and""), but the conflicting categories (professional_services vs metal_fabricator) suggest either a data quality issue in the category field or a potential upstream matching error, warranting careful review despite the clear name similarity."
PUBLIC location 324234 #%&*,PUBLIC LOCATION NAME EXTERNALID NAME,East Palo Alto,test_data,discard,high,"Both names are clearly synthetic placeholders or invalid test entries with nonsensical character sequences and template-like structures (""PUBLIC location"" + random characters, ""PUBLIC LOCATION NAME EXTERNALID NAME""), indicating these are not legitimate place names that should exist in a production dataset."
PUBLIC location 324234 #%&*,PUBLIC LOCATION NAME EXTERNALID NAME,East Palo Alto,test_data,discard,high,"Both names are clearly synthetic placeholders or invalid test entries with nonsensical character sequences and template-like structures (""PUBLIC location"" + random characters, ""PUBLIC LOCATION NAME EXTERNALID NAME""), indicating these are not legitimate place names that should exist in a production dataset."
สำนักงานอธิการบดี ม.รามคำแหง,สำนักงานอธิการบดี มหาวิทยาลัยรามคำแหง,,abbreviation_variant,prefer_base,high,"The alt_name uses ""ม."" which is the standard Thai abbreviation for ""มหาวิทยาลัย"" (university), while the base_name spells out the full word. Both names refer to the same administrative building at Ramkhamhaeng University, with matching categories (campus_building and College Administrative Building), and the difference is purely an abbreviation variant that the normalization pipeline failed to recognize."
Howards Dorchester,Howards Hyundai Dorchester,Dorchester,abbreviation_variant,prefer_base,high,"The base name ""Howards Hyundai Dorchester"" is a complete designation of the dealership brand and manufacturer, while the alt name ""Howards Dorchester"" is an abbreviated form omitting the ""Hyundai"" manufacturer identifier. Both refer to the same entity in the same city (Dorchester), and the categories align (car_dealer/automotive), confirming they describe the same business. The difference is a straightforward abbreviation where the full form includes the brand name."
Lindell's Car Nissan,Lindells Bil,Billesholm,same_entity_diff_name,prefer_alt,high,"""Lindell's Car Nissan"" and ""Lindells Bil"" refer to the same automotive repair entity in Billesholm, where ""Bil"" is the Swedish word for ""car"" and both names reference the Lindell's brand with Nissan as the manufacturer focus; the category match and identical location confirm this is the same entity using different naming conventions (English descriptive vs. Swedish concise)."
Western Boone Junior-Senior High School,Western Boone Jr-Sr High School,Thorntown,abbreviation_variant,prefer_alt,high,"The two names refer to the same high school in Thorntown, IN with identical categories and location. The difference is purely stylistic: ""Junior-Senior"" (alt) versus ""Jr-Sr"" (base), where the base uses standard abbreviations that are common in school naming conventions. This is a straightforward abbreviation variant where one name uses the expanded form and the other uses abbreviated terminology."
Coin Cloud DCM,Coin Cloud Bitcoin ATM,Amarillo,same_entity_diff_name,prefer_alt,high,"""Coin Cloud DCM"" and ""Coin Cloud Bitcoin ATM"" refer to the same entity—a Coin Cloud cryptocurrency ATM—but differ in naming convention: one uses an internal/abbreviated identifier (DCM) while the other uses a descriptive service type (Bitcoin ATM). Both names share the brand ""Coin Cloud,"" match on location (Amarillo, TX), and the alt record has a category that confirms this is an ATM, supporting same_entity_diff_name classification."
San Juan Safaris - Orca Whale Watching,San Juan Safari Whale Watching,Friday Harbor,same_entity_diff_name,prefer_alt,high,"Both names refer to the same whale watching tour operator in Friday Harbor, WA with nearly identical core branding (""San Juan Safari/Safaris"" + ""Whale Watching""). The difference is minor: ""Safaris"" (plural) vs ""Safari"" (singular), and the alt includes the specific animal focus ""Orca"" while the base uses the generic service descriptor ""Boat or Ferry"" category. These are naming convention variations of the same entity, not structural differences indicating separate locations or entities."
La Villa Cafe Bar,La Villa Con Sabor A Cafe,Playas de Rosarito,same_entity_diff_name,prefer_base,high,"Both names refer to the same café in Playas de Rosarito with matching categories (both identify as a coffee shop/café), but they differ in specificity: ""La Villa Cafe Bar"" uses a shorter, more concise name, while ""La Villa Con Sabor A Cafe"" (translating to ""The Villa With Coffee Flavor"") is a more descriptive, marketing-oriented variant that emphasizes the café's character. This is a same_entity_diff_name situation where one version is more formal/complete and the other is abbreviated."
Seneca Nation Indians Library,Seneca Nation Library,Irving,same_entity_diff_name,prefer_base,high,"Both names refer to the same library serving the Seneca Nation in Irving, NY, with matching categories (both library). The alt_name includes the descriptor ""Indians"" while the base_name omits it—this is a stylistic/naming convention difference rather than a structural abbreviation or location mismatch."
Chevron Rayne,Chevron Station Rayne,Rayne,abbreviation_variant,prefer_base,high,"Both names refer to the same Chevron gas station in Rayne, LA with matching categories; ""Chevron Station Rayne"" is a more complete and descriptive form than the abbreviated ""Chevron Rayne"", making this a clear abbreviation_variant case where the base name provides fuller detail."
Coin Cloud DCM,Coin Cloud Bitcoin ATM,San Antonio,same_entity_diff_name,prefer_base,high,"Both names refer to the same Coin Cloud cryptocurrency ATM service in San Antonio, TX, with ""DCM"" being an internal/abbreviated designation while ""Bitcoin ATM"" is the descriptive product name. The category match (financial_service) and identical location support this being the same entity with different naming conventions rather than a location mismatch or abbreviation variant."
Ombudsman Arizona Charter East II,Ombudsman Charter East II,Phoenix,same_entity_diff_name,prefer_alt,high,"The alt_name includes ""Arizona"" as a geographic qualifier while the base_name omits it; both refer to the same school in Phoenix, AZ with matching category information (high school / education). This is a same_entity_diff_name case where one variant includes the state name for clarity while the other uses a shortened form."
Assured Storage Jackson,"Assured Storage of Jackson, LLC",Jackson,same_entity_diff_name,prefer_base,high,"Both names refer to the same self-storage facility in Jackson, TN with identical categories; the difference is purely stylistic—one uses a shortened form (""Assured Storage Jackson"") while the other includes the legal entity suffix (""of Jackson, LLC""), a common naming convention variation for the same business."
Centro Nazionale Per Il Volontariato,Centro Nazionale Volontariato,Lucca,location_mismatch,flag_for_review,medium,"The two names refer to the same Italian organization with a minor structural difference (""Per Il"" vs. omitted prepositions), but the category mismatch is substantial: one categorizes it as community services/non-profits while the other categorizes it as a convention center conference room, suggesting either a data quality issue in one record or a potential upstream matching error involving different entities with similar names."
Fahrschule Walter Lohmann,Fahrschule Lohmann,Emstek,same_entity_diff_name,prefer_alt,high,"Both names refer to the same driving school in Emstek, with ""Fahrschule Walter Lohmann"" being the full formal name including the proprietor's first name, while ""Fahrschule Lohmann"" is the abbreviated version omitting the first name—a common naming convention variance for proprietor-operated businesses."
Amplifon France,Amplifon Sainte Savine,Sainte-Savine,same_entity_diff_name,prefer_base,high,"""Amplifon France"" is the parent company/national brand name, while ""Amplifon Sainte Savine"" is a location-specific branch of the same chain in Sainte-Savine. Both share the same category (health/medical), and the city field confirms the branch location. This is a same_entity_diff_name case where one represents the corporate entity and the other represents a specific retail location."
Kingston Community Credit Union (KCCU),Kingston Community Credit Uniom,Kingston,same_entity_diff_name,prefer_alt,high,"The base_name contains an obvious typo (""Uniom"" instead of ""Union""), and the alt_name is the correct spelling with the standard organizational acronym (KCCU). Both records reference the same entity in the same location (Kingston, ON) with consistent categorization (credit union/banking), making this a simple spelling error rather than a structural naming difference."
Advanced Tow Service,Advanced Towing Service LLC,Orlando,same_entity_diff_name,prefer_base,high,"Both names refer to the same towing service in Orlando, FL with identical categories. The difference is that the base name includes ""Towing"" (instead of ""Tow"") and adds the legal entity designation ""LLC"", which are standard naming convention variations for the same business rather than structural differences indicating different entities."
My Econo's 3995 Optical,My Econo Optical,Windcrest,same_entity_diff_name,prefer_base,high,"The alt_name includes a street address number (3995) that is absent from the base_name, while both refer to the same optical business in the same city and state with compatible categories (eyewear_and_optician vs Retail > Eyecare Store). This is a same_entity_diff_name case where one name includes location-specific detail while the other uses only the business name."
เนื้อต้มแม่สมร สะพานขาว,เนื้อต้มสะพานขาว,Photharam,abbreviation_variant,prefer_alt,high,"The alt_name includes ""แม่สมร"" (Mae Som) as a person/owner identifier before the location ""สะพานขาว"" (Saphan Khao), while the base_name omits the owner's name and contains only the location. Both names refer to the same Thai restaurant in Photharam, with matching categories and location. This is a case where one name is more complete (including the proprietor's name) while the other is abbreviated to just the location descriptor."
Galeria Caribé,Galeria Sergio Caribé,São Paulo,same_entity_diff_name,prefer_base,high,"The base name ""Galeria Sergio Caribé"" appears to be the full formal name that includes the proprietor's name (Sergio), while the alt name ""Galeria Caribé"" is a shortened version omitting the person's name. Both names refer to the same art gallery in São Paulo, with matching categories and location, supporting they are the same entity using different naming conventions."
Ecole Primaire Emile Gebhart,Ecole Primaire Gebhart,Nancy,same_entity_diff_name,prefer_alt,high,"The alt_name includes the middle name ""Emile"" while the base_name omits it, representing a common naming variation for the same French elementary school. However, the category mismatch (elementary_school vs. Student Center under College and University) suggests potential data quality issues in the base record's categorization, though both names clearly refer to the same institution in Nancy."
Ozark Mountain Crossing Apartments,Ozark Mountain Crossing Apts,Ozark,abbreviation_variant,flag_for_review,medium,"The two names differ only in the abbreviation of ""Apartments"" to ""Apts"" and have mismatched categories (real_estate vs. Storage Facility), suggesting either a categorization error or a genuine location mismatch despite the identical place name and city/state. The name similarity strongly supports abbreviation_variant, but the category disagreement raises concern about whether these truly refer to the same entity."
Larry H. Miller Toyota Scion Boulder,Larry H. Miller Toyota Boulder,Boulder,same_entity_diff_name,prefer_base,high,"The alt_name includes ""Scion"" (a Toyota brand that was discontinued in 2016) while the base_name omits it; both names share the same dealership name, location (Boulder, CO), and refer to the same entity. The category difference (car_dealer vs used_car_dealer) suggests the alt_name may describe a broader dealership operation. This is a same_entity_diff_name case where one name is more specific about brand offerings."
Classic Patio Inc,Classic Patio Furniture,Danville,same_entity_diff_name,prefer_base,high,"Both names refer to the same furniture retail business in Danville, CA with matching categories (furniture_store vs Retail > Miscellaneous Store). The difference is that ""Classic Patio Inc"" uses the legal entity suffix while ""Classic Patio Furniture"" explicitly includes the product category—a common naming convention variation where one emphasizes the business type and the other the corporate structure."
Target Store Santa-Clara,Target Santa Clara,Santa Clara,same_entity_diff_name,prefer_base,high,"Both names refer to the same Target store in Santa Clara, CA with matching categories and location. The difference is purely formatting: ""Target Store Santa-Clara"" uses a hyphenated city name and includes the word ""Store,"" while ""Target Santa Clara"" uses the standard two-word city format without the redundant descriptor. This is a minor naming convention variation of the same entity."
Target Store Richland-Twp,Target Richland Twp,Quakertown,same_entity_diff_name,prefer_alt,high,"Both names refer to the same Target store location in Richland Township, Quakertown, PA, with identical categories and geography; the difference is purely stylistic—one uses ""Store"" as an explicit descriptor and a hyphen in ""Richland-Twp"" while the other omits ""Store"" and uses a space in ""Richland Twp""."
Coinstar Kiosk - Bitcoin ATM,Coinstar | Bitcoin ATM,Chicopee,same_entity_diff_name,prefer_alt,high,"Both names reference the same Coinstar Bitcoin ATM kiosk in Chicopee, MA with identical core components (Coinstar, Bitcoin ATM), differing only in punctuation and separator style (hyphen vs pipe character), which represents a normalization formatting difference rather than a semantic distinction."
Five Pointe Barber Shop,Five Points Plaza,Lewes,location_mismatch,flag_for_review,high,"The two names refer to different business types (barber shop vs. flowers and gifts shop) in the same location, indicating these are distinct entities that should not have been matched despite sharing similar location-based naming (""Five Pointe/Points"" and both being in Lewes, DE)."
セブン銀行ATM 東武鉄道 伊勢崎線 梅島駅 共同出張所,セブン銀行 東武鉄道伊勢崎線梅島駅共同出張所,足立区,same_entity_diff_name,prefer_alt,high,"Both names refer to the same Seven Bank ATM at Umejima Station on the Tobu Isesaki Line in the same city and state. The alt_name includes explicit spacing and ""ATM"" descriptor, while the base_name omits spacing between location descriptors and the ""ATM"" label. Both categories confirm ATM/banking services, and the location match eliminates location_mismatch concerns. This is a naming convention difference rather than an abbreviation or structural variant."
Stade André Cancel,Stade Cancel,Mauguio,same_entity_diff_name,flag_for_review,medium,"The alt_name includes the full person's name ""André Cancel"" while the base_name uses only the surname ""Cancel""; both refer to the same stadium in Mauguio, but the categories differ (tennis_court vs. soccer field), suggesting either a data quality issue or that the records describe different facilities at the same location."
"Maida Clark Law Firm, P.C.","Maida Law Firm, P.C.",Beaumont,same_entity_diff_name,prefer_alt,high,"The alt_name includes ""Clark"" as part of the firm name while the base_name omits it; both names share the identical location (Beaumont, TX), matching categories (legal services), and the ""P.C."" designation, indicating these are variant names for the same law firm entity where one version includes a partner/attorney surname and the other uses a shortened form."
ABRA Auto Body Chattanooga,Abra Auto Body Repair of America,Chattanooga,same_entity_diff_name,prefer_base,high,"Both names refer to the same auto glass service business in Chattanooga, TN, with matching categories. The alt_name uses a location-specific shortened form (""ABRA Auto Body Chattanooga"") while the base_name is the full corporate brand name (""Abra Auto Body Repair of America""). This is a same_entity_diff_name case where the alt is a local variant and the base is the parent/corporate identity."
Restaurante Sazon El Capricho,Restaurante El Capricho,,same_entity_diff_name,prefer_alt,high,"Both names refer to the same restaurant entity identified by the core name ""El Capricho,"" but the alt_name includes an additional descriptor ""Sazon"" (meaning ""seasoning/flavor"" in Spanish), which is a common way to differentiate or brand a restaurant with additional character. Both records are categorized as restaurants, and without geographic mismatch indicators, this represents the same entity using different naming conventions—one more descriptive/branded, one more minimal."
ก๋วยเตี๋ยวปลาในตำนาน นครนายก,ก๋วยเตี๋ยวปลาสดนครนายก,,same_entity_diff_name,prefer_alt,high,"Both names refer to the same noodle restaurant in Nakhon Nayok, Thailand, with matching categories (noodles_restaurant). The names differ only in their descriptors: ""ในตำนาน"" (legendary/in legend) versus ""สด"" (fresh), which are alternative marketing descriptions of the same establishment rather than structural naming differences or abbreviations."
Gala House Bangsaen,Gala House (กาล่า เฮ้าส์),Bang Saen,location_mismatch,flag_for_review,medium,"Both names refer to the same establishment ""Gala House"" in Bang Saen, with the base name including Thai script transliteration. However, the categories conflict significantly: alt_name identifies it as a Thai restaurant while base_name categorizes it as an Italian restaurant, suggesting either a data quality issue in categorization or potentially different records being incorrectly matched."
Braum's Ice Cream & Dairy Store,Braum's Ice Cream & Burger Restaurant,Arlington,same_entity_diff_name,prefer_alt,high,"Both names refer to the same Braum's location in Arlington, TX with matching categories, but differ in their descriptive suffixes: one emphasizes ""Dairy Store"" while the other adds ""Burger Restaurant,"" reflecting different aspects of the same business's service offerings rather than indicating a location mismatch."
Tonkotsu Bar and Ramen,Tonkotsu Bankside,London,location_mismatch,flag_for_review,medium,"Both names share the ""Tonkotsu"" prefix, a Japanese pork bone broth used in ramen, and are located in the same city (London). However, ""Tonkotsu Bar and Ramen"" emphasizes the ramen and bar service, while ""Tonkotsu Bankside"" includes a specific location descriptor (Bankside is a neighborhood in London). The category mismatch (japanese_restaurant vs soup_restaurant) and the different descriptive suffixes suggest these may be different establishments or branches rather than the same entity with alternate naming conventions."
H. Hesse Kaltprofile und Bearbeitung GmbH und Co.,H. Hesse Kaltprofile + Bearbeitung GmbH & Co,Schwerte,same_entity_diff_name,prefer_alt,high,"Both names refer to the same German metal fabrication company with identical core identity (H. Hesse Kaltprofile und/+ Bearbeitung GmbH und/& Co) in the same city (Schwerte), differing only in punctuation and connector symbols (""und"" vs ""+"", ""und"" vs ""&"") which are stylistic/formatting variants rather than substantive naming differences."
Gare de Creil,Gare SNCF de Creil,Creil,same_entity_diff_name,prefer_alt,high,"Both names refer to the same railway station in Creil, France. ""Gare de Creil"" is the standard French name for the station, while ""Gare SNCF de Creil"" explicitly identifies it by its operator (SNCF, the national railway company). This is a classic same_entity_diff_name case where one version includes the operator designation and the other uses only the location-based name. The categories align (train_station and Rail Station are equivalent), and the city matches perfectly."
Palio’s Pizza Cafe Midlothian,Palio's Pizza midlothian,Midlothian,same_entity_diff_name,prefer_alt,high,"Both names refer to the same pizzeria in Midlothian, TX, with identical core branding (""Palio's Pizza"") and location. The differences are minor: ""Cafe"" is added in the alt name (descriptive variant), capitalization differs slightly, and categories reflect different tagging systems (gluten_free_restaurant vs. Pizzeria) rather than fundamental name differences. The matching city/state confirms this is the same entity."
BMO Harris Bank ATM,BMO Harris ATM,Madison,same_entity_diff_name,prefer_alt,high,"The alt_name includes ""Bank"" while the base_name omits it, representing different levels of formality/completeness in describing the same ATM entity. Both refer to BMO Harris financial services in the same location (Madison, WI) with consistent category information (banking/ATM), making this a naming convention difference rather than a structural mismatch."
Windshield Repair Sacramento,Windshield Replacement Sacramento,Sacramento,same_entity_diff_name,prefer_alt,medium,"The two names differ in their core service descriptor (""Repair"" vs ""Replacement""), which represent distinct but related automotive glass services offered by the same business in the same location. Both share identical geography (Sacramento, CA) and closely aligned categories (auto_glass_service vs automotive repair), suggesting they describe the same entity that offers multiple glass services rather than two separate locations."
The Bridge Golf Foundation,The Bridge Golf Learning Center,New York,same_entity_diff_name,prefer_base,medium,"The two names refer to the same entity (""The Bridge Golf"") but differ in their descriptive suffix: ""Foundation"" versus ""Learning Center."" The category mismatch (golf_instructor vs. Golf Driving Range) suggests different classification perspectives of the same organization rather than different locations, as both are in New York, NY. The base name is more descriptive and specific about the facility's function, while the alt name uses a more formal organizational designation."
Boulangerie Darrigrand,Boulangerie Pât. Darrigrand,,abbreviation_variant,prefer_alt,high,"Both names refer to the same bakery (Boulangerie Darrigrand) with matching categories, but the base name contains ""Pât."" which is a French abbreviation for ""Pâtisserie"" (pastry shop), a common descriptor added to bakery names. The alt name uses the simpler, more direct form without this qualifier."
Natchez Children's Services,Natchez Children's Home Services,Natchez,same_entity_diff_name,prefer_base,high,"Both names refer to the same organization in Natchez, MS serving children, with matching city/state and closely aligned categories (both social services). The base name includes ""Home"" which adds descriptive detail about the service type, while the alt name is a shortened form. This is a case of the same entity using different naming conventions where one version is more complete than the other."
Advanced Contractors,Advanced Construction Inc,Fort Lauderdale,same_entity_diff_name,prefer_base,medium,"The two names differ in their business descriptor (""Contractors"" vs ""Construction Inc""), which are semantically similar but structurally distinct. Both names share the ""Advanced"" prefix and refer to construction-related businesses in the same city and state, suggesting they describe the same real-world entity using different naming conventions rather than abbreviation or location mismatch."
AdventHealth Medical Group OB GYN at Deltona,AdventHealth Medical Group GYN Surgery at Deltona,Deltona,location_mismatch,flag_for_review,medium,"Both names refer to AdventHealth Medical Group services in Deltona, FL, but differ in their specialty focus: one emphasizes OB GYN (obstetrics and gynecology) while the other emphasizes GYN Surgery (gynecological surgery). The category mismatch (obstetrician_and_gynecologist vs women's_health_clinic) and the distinct specialty descriptions suggest these may be different service lines or departments within the same organization rather than identical entities, indicating a probable upstream matching error."
Parque Acuático Tephé,Parque Acuático 'El Thepe',Ixmiquilpan,same_entity_diff_name,prefer_alt,high,"Both names refer to the same aquatic park in Ixmiquilpan with identical categories (swimming_pool), but differ in how they represent the local place name: ""Tephé"" vs ""'El Thepe'"" represent variant spellings/transcriptions of the same indigenous or local toponym, with one using quotation marks and a Spanish article. This is a same_entity_diff_name situation where naming conventions differ rather than a structural error."
Colégio Estadual Professora Maria Gai Grendel,Colégio Estadual Prof. Maria Gai Grendel,Curitiba,abbreviation_variant,prefer_alt,high,"The two names refer to the same educational institution in Curitiba, PR, differing only in the abbreviation of ""Professora"" to ""Prof."" — a standard Portuguese abbreviation convention. Both records are categorized as schools/educational institutions, and the geographic location matches completely, confirming this is the same entity with a minor naming variant that normalization failed to reconcile."
Goodyear Autocare Australia,Goodyear Autocare Murrumba Downs,Brisbane,same_entity_diff_name,prefer_base,high,"The alt_name is a country-level brand reference without specific location, while the base_name identifies a specific Goodyear Autocare franchise in Murrumba Downs (a suburb of Brisbane). Despite matching categories and shared city/state, the base_name's inclusion of the specific suburb location indicates these refer to different levels of the same business hierarchy—the alt is the parent/brand while the base is a specific location. This is a same_entity_diff_name situation where one name references the overall business and the other references a specific branch."
Locatec Essen - RÜFA,Locatec Düsseldorf - RÜFA,Velbert,location_mismatch,flag_for_review,high,"The two names reference different German cities (Essen vs. Düsseldorf) while both are supposedly located in Velbert, North Rhine-Westphalia, indicating a probable upstream matching error where two distinct regional branches of the same Locatec-RÜFA chain have been incorrectly paired together."
GRUPPO BOSSONI - Alfa Romeo,Gruppo Bossoni Fiat Professional,Cremona,same_entity_diff_name,prefer_base,high,"Both names refer to the same automotive dealership (Gruppo Bossoni) in the same location (Cremona, CR), but differ in which brand they emphasize: one highlights the Alfa Romeo line while the other emphasizes Fiat Professional. This represents a single entity with different naming conventions focused on different product lines rather than a location mismatch or abbreviation issue."
Hotel Zanarini,Hotel New Zanarini,Riccione,same_entity_diff_name,prefer_base,high,"Both names refer to the same hotel in Riccione with matching categories (hotel), and the base name ""Hotel New Zanarini"" appears to be an expanded or rebranded version of ""Hotel Zanarini,"" suggesting the property was renamed or the full official name includes ""New."" The shared location and category strongly support this as a same entity with different naming conventions rather than a location mismatch."
Raab Karcher Building Materials,Raab Karcher Baustoffhandel,Zwickau,same_entity_diff_name,prefer_base,high,"Both names refer to the same German building materials retailer (Raab Karcher) in the same city (Zwickau), with ""Building Materials"" being an English translation/description of ""Baustoffhandel"" (German for building materials trade/retail). The categories align semantically (building_supply_store vs Hardware Store), and the name difference is purely linguistic rather than structural—one uses English descriptors while the other uses the German business term."
Little Jewels - Evergreen,Little Jewels Learning Center,Normal,same_entity_diff_name,prefer_base,high,"Both names refer to the same preschool/daycare facility in Normal, IL, with ""Little Jewels Learning Center"" being the complete formal name and ""Little Jewels - Evergreen"" being a shortened variant that includes a campus or location identifier (""Evergreen""). The categories are closely related (day_care_preschool vs preschool) and the shared geographic location strongly supports this being the same entity with different naming conventions."
Waxahachie Ford Collision,Waxahachie Ford Parts,Waxahachie,location_mismatch,flag_for_review,high,"These are two distinct departments or service divisions of the same Ford dealership in Waxahachie, TX—one handles collision/body shop services while the other handles parts sales. They share the same location and parent business but serve different functions, indicating they should not be merged into a single entity record."
Pooches Parlor,Pooches Dog Parlor,Portland,abbreviation_variant,prefer_base,high,"Both names refer to the same pet grooming business in Portland, MI, with ""Pooches Parlor"" being a shortened form of ""Pooches Dog Parlor"" — the word ""Dog"" is omitted in the alt name, making this a clear abbreviation variant where the base name is more complete and descriptive."
Ebowla Gurgaon,Ebowla Club & BYOB,Gurugram,same_entity_diff_name,prefer_base,high,"Both names refer to the same dance club in Gurugram (Gurgaon), with matching categories. The alt_name uses a geographic descriptor (Gurgaon) while the base_name includes operational descriptors (Club & BYOB), representing different naming conventions for the same entity rather than a structural abbreviation or location mismatch."
สนามบอลราชภัฏสกลนคร,สนามฟุตบอล ราชภัฏสกลนคร,Amphoe Muang Sakhon Nakhon,same_entity_diff_name,prefer_base,high,"Both names refer to the same soccer field at Rajabhat University in Sakon Nakhon, Thailand. The alt_name uses ""สนามบอล"" (soccer field) as a compound word, while the base_name uses ""สนามฟุตบอล"" (football field) with explicit spacing and ""ฟุตบอล"" instead of ""บอล""—these are synonymous Thai terms for the same sport facility. The category mismatch (concert venue vs soccer field) appears to be a data quality error in the alt record, while the base category correctly identifies this as a soccer field. Both records share the same location (Amphoe Muang Sakhon Nakhon), confirming they describe the same entity despite the name variation."
Notaría Pública 20,Notaría Pública No. 20,Cancún,same_entity_diff_name,prefer_base,high,"Both names refer to the same notary public office in Cancún, with the base name using the formal abbreviation ""No."" (número) while the alt name omits it—a minor stylistic/formatting difference rather than a structural name change. The categories align semantically (notary_public vs Financial Service), and the shared city confirms location match."
โรงแรมพชร Patchara Hotel,โรงแรมพชร สุพรรณบุรี,,same_entity_diff_name,prefer_base,high,"Both names refer to the same hotel using different naming conventions: the alt_name combines Thai ""โรงแรมพชร"" (Patchara Hotel) with an English brand name ""Patchara Hotel,"" while the base_name uses Thai ""โรงแรมพชร"" (Patchara Hotel) followed by ""สุพรรณบุรี"" (Suphan Buri, the city location). The categories align (both hotel/lodging), indicating the same entity with different descriptive approaches—one emphasizing the brand name in English, the other specifying the geographic location."
Barra do Fortim,Barra - Fortim - Ce,,same_entity_diff_name,flag_for_review,medium,"The two names refer to the same geographic location (Fortim, Ceará) but differ significantly in structure and category assignment. ""Barra do Fortim"" is a descriptive place name (a geographical feature), while ""Barra - Fortim - Ce"" appears to be a formatted location reference. The category mismatch (lighthouse vs. Arts and Entertainment) suggests data quality issues rather than genuine semantic differences about the same entity."
Murphy USA,Murphy Express,Lexington,same_entity_diff_name,prefer_base,high,"Both names refer to the same corporate entity (Murphy Oil's retail convenience store brands operating in the same location), but represent different brand naming conventions used by the same parent company for their gas station/convenience store operations. The categories match perfectly (convenience_store), and the shared city/state (Lexington, SC) confirm geographic alignment, ruling out location_mismatch. Murphy USA and Murphy Express are distinct brand names under common ownership rather than abbreviation variants."
Hautaustoimisto Mikko Mononen,Hautaustoimisto Mononen Mikko Oy,Helsinki,same_entity_diff_name,prefer_base,high,"Both names refer to the same Finnish funeral home business (""Hautaustoimisto"" = funeral home) with the owner's name ""Mononen Mikko,"" but they differ in word order (Mikko Mononen vs. Mononen Mikko) and formality (one includes ""Oy"" for the legal entity designation). The matching categories (funeral services) and identical location (Helsinki) confirm they are the same entity, just expressed with different naming conventions common in Finnish business registration."
Santuario di Santa Maria delle Grazie,Santuario Santa Maria Delle Grazie,Rimini,same_entity_diff_name,prefer_alt,high,"Both names refer to the same religious sanctuary in Rimini with identical core components (""Santuario,"" ""Santa Maria,"" ""Grazie""), differing only in the inclusion/exclusion of the preposition ""di"" and capitalization conventions. The categories confirm this is the same entity (catholic_church vs Church), and shared location (Rimini) supports identity. This is a naming convention difference rather than a structural abbreviation."
Bahçeşehir Park 1 Evleri,BahçeşehirPark Evleri,,abbreviation_variant,prefer_alt,high,"Both names refer to the same residential complex in Turkey with nearly identical structure, differing only in the presence of ""1"" and spacing in ""Bahçeşehir Park"" — this is a minor abbreviation/formatting variant of the same entity rather than a true semantic difference, and both categories confirm residential accommodation."
Kindel GmbH & Co. KG Blechdruckerei,Kindel GmbH & Co. Blechdruckerei,Wuppertal,same_entity_diff_name,prefer_alt,high,"Both names refer to the same printing/sheet metal printing business (Blechdruckerei) in Wuppertal with nearly identical company structure, differing only in the inclusion of ""KG"" (Kommanditgesellschaft, a German partnership form) in the alt_name; this is a standard German legal entity designation variant rather than a substantive name difference."
Garage St Nicolas,Garage Saint Nicolas,Maisons-Laffitte,abbreviation_variant,prefer_base,high,"The two names differ only in the abbreviation of ""St"" versus the full form ""Saint,"" which is a common French naming convention variant. Both refer to the same automotive repair shop in Maisons-Laffitte, as confirmed by matching city, category agreement, and identical semantic meaning. This is a straightforward abbreviation variant where normalization failed to recognize the equivalence."
Little Italy's Pizzeria,Little Italy's Pizza,Staunton,abbreviation_variant,prefer_alt,high,"Both names refer to the same pizzeria in Staunton, IL with matching categories (pizza_restaurant), differing only in the suffix where ""Pizzeria"" is the full formal descriptor versus ""Pizza"" is an abbreviated form of the same establishment name."
Apollo Machine Tool Services,Apollo Machine Tool Service Inc,Arlington,abbreviation_variant,prefer_base,high,"The two names differ only by a singular/plural suffix (""Service"" vs ""Service Inc""), and both refer to the same business in the same location (Arlington, TX). Despite differing categories, the semantic content is nearly identical—this is a classic case of one name being a shortened variant of the other, with ""Inc"" being a standard corporate designation. The category difference likely reflects inconsistent provider tagging rather than different entities."
Highway 93 RV,Highway RV,Victor,abbreviation_variant,prefer_alt,high,"The alt_name ""Highway 93 RV"" includes a specific route number (93) that is absent from the base_name ""Highway RV"", suggesting the alt_name is the more complete/expanded form of the same business. Both refer to the same RV service provider in Victor, MT, with the alt_name providing geographic specificity via the highway identifier."
Structural and Materials Engineering Building,Structural and Materials Engineering (SME),San Diego,same_entity_diff_name,flag_for_review,medium,"The alt_name refers to the physical building itself (""Structural and Materials Engineering Building""), while the base_name refers to the academic department or program (""Structural and Materials Engineering (SME)"") with an explicit abbreviation. These are related but distinct entities at the same institution — one is infrastructure, the other is an organizational unit. The category mismatch (college_university vs. College Engineering Building) further confirms they represent different aspects of the same campus entity rather than the same place."
Mega City Drains Plumbing & Heating,Mega City Drain & Plumbing And Heating,Toronto,same_entity_diff_name,flag_for_review,medium,"Both names refer to the same plumbing and heating business in Toronto with nearly identical service offerings, differing only in word order (""Drains Plumbing & Heating"" vs ""Drain & Plumbing And Heating"") and minor conjunctive variations; however, the category mismatch (plumbing vs. Construction Supplies Store) creates uncertainty about whether these truly represent the same entity or if the base record is miscategorized."
なかすっ娘一番町店,なかすっ娘 仙台一番町店,,same_entity_diff_name,prefer_base,high,"The base_name includes the city prefix ""仙台"" (Sendai) before ""一番町店"" (Ichibancho branch), while the alt_name omits this geographic qualifier entirely. Both names refer to the same restaurant branch in the same location, but differ in how completely they specify the address; the base name is more geographically explicit and follows a standard Japanese naming convention of city + district + branch identifier."
日本貿易振興機構・ジェトロ,日本貿易振興機構 (JETRO),港区,same_entity_diff_name,prefer_alt,high,"Both names refer to the Japan External Trade Organization (JETRO) and share identical kanji text (日本貿易振興機構); they differ only in how the acronym is presented—one uses the katakana abbreviation ジェトロ while the other uses the English acronym (JETRO) in parentheses. The categories are semantically equivalent (both government/official office), the location matches (港区), and the structural difference is purely a naming convention variant rather than substantive entity difference."
Chapas y Maderas José Mª Ribas,Chapas y Maderas José María Ribas,Castellar del Vallès,abbreviation_variant,prefer_base,high,"The two names refer to the same entity with an abbreviated vs. expanded form of the middle name: ""Mª"" (María abbreviated) versus ""María"" (full form). Both records share the same city, relate to construction/retail supplies, and differ only in this standard Spanish name abbreviation convention."
San Benito Su Ferreteria,SAN BENITO Ferretería,Hermosillo,same_entity_diff_name,prefer_base,high,"Both names refer to the same hardware store in Hermosillo with identical core components (""San Benito"" and ""Ferretería/Ferreteria""), differing only in capitalization, spacing, and the inclusion of ""Su"" (Spanish for ""your/its"") as a possessive modifier. The categories align (hardware_store), and the city matches, confirming this is the same entity using slightly different naming conventions."
Parroquia de Nuestra Senora de la Esperanza,Parroquia Nuestra Señora de la Esperanza,Benito Juárez,same_entity_diff_name,prefer_base,high,"Both names refer to the same parish church with identical semantic content (""Parish of Our Lady of Hope""), differing only in the inclusion of ""de"" (a preposition) and the spelling of ""Señora"" (with accent in base_name). The categories both indicate a church/spiritual center, and the shared city location confirms geographic alignment. This is a formatting and stylistic variation of the same entity name."
Ingram Micro México Sa De Cv,Ingram Micro México CEDIM,Azcapotzalco,same_entity_diff_name,flag_for_review,medium,"Both names refer to Ingram Micro's Mexican operations with different legal/organizational suffixes: ""Sa De Cv"" (legal entity type) versus ""CEDIM"" (likely an internal division or regional identifier), but they share the core brand and location in Azcapotzalco. However, the category mismatch (professional_services vs. Retail > Electronics Store) and the organizational suffix difference suggest these may represent different business units or a categorization error rather than simple naming variants of the same operational entity."
Iglesia Santiago Apóstol,Iglesia De Santiago Apostol,Santiago Pinotepa Nacional,same_entity_diff_name,prefer_alt,high,"Both names refer to the same church entity in Santiago Pinotepa Nacional using slightly different Spanish naming conventions: ""Santiago Apóstol"" (alt) versus ""Santiago Apostol"" (base), with the base adding the preposition ""De"" and using the non-accented form. The categories both indicate a religious/church organization, and the shared city location confirms geographic alignment. The differences are purely stylistic/formatting variations of the same proper noun."
pizzaria nunes,Pizzaria DE,São Paulo,location_mismatch,flag_for_review,medium,"Both names refer to pizzerias in São Paulo, SP with matching categories, but ""Pizzaria Nunes"" and ""Pizzaria DE"" are structurally different names with no clear substring relationship or standard abbreviation pattern that would explain the discrepancy—suggesting these may be different establishments or one name is incomplete/corrupted rather than a simple naming variant."
Service Department Ken Garff Honda of Orem,Service Department at Ken Garff Honda of Orem,Orem,same_entity_diff_name,prefer_base,high,"Both names refer to the same service department at the same Honda dealership in Orem, UT, with identical categories. The difference is purely stylistic: one uses ""of"" while the other uses ""at"" as a preposition, representing the same entity with different naming conventions."
Studio Dentistico Dr. Tonti,Studio Dentistico Dott. Tonti,Schio,same_entity_diff_name,prefer_base,high,"Both names refer to the same dental studio in Schio, VI with identical category information (dentist). The only difference is the title abbreviation: ""Dr."" versus ""Dott."" (the Italian abbreviation for ""Dottore""), which are semantically equivalent honorifics for the same person/practice. This is a same_entity_diff_name situation driven by language-specific naming conventions."
Médiathèque De Seltz,Médiathèque municipale,Seltz,same_entity_diff_name,prefer_alt,high,"Both names refer to the same library in Seltz with matching categories (library), and the city confirms geographic alignment. ""Médiathèque De Seltz"" is the specific name identifying the location, while ""Médiathèque municipale"" is a generic descriptor (municipal media library) that could apply to any municipal library; this is a same_entity_diff_name case where one uses the proper location-specific name and the other uses only the generic institutional type."
Kreissparkasse Saarlouis - Geldautomat,Kreissparkasse Saarlouis - SB-Stelle,Lebach,same_entity_diff_name,prefer_base,medium,"Both names refer to the same Kreissparkasse Saarlouis institution in Lebach, Saarland, but differ in their descriptions of the service type: ""Geldautomat"" (ATM) versus ""SB-Stelle"" (self-service terminal). These are different functional descriptions of what may be the same physical location or different service offerings within the same branch, representing the same entity under different naming conventions rather than a location mismatch."
SAFAK Cuisines DREUX,Safak Cuisines Cobatex,Vernouillet,location_mismatch,flag_for_review,high,"The two names share the brand ""Safak Cuisines"" but reference different location identifiers (DREUX vs Cobatex), both in the same city of Vernouillet. This pattern suggests these are different branches or locations of the same chain rather than the same entity, indicating a likely upstream matching error despite the shared city field."
St. Ann Catholic Church,St. Ann's Catholic School,Nashville,location_mismatch,flag_for_review,high,"The two names refer to different entity types at the same location: ""St. Ann Catholic Church"" is a religious institution (category: catholic_church) while ""St. Ann's Catholic School"" is an educational institution (category: Education). Although they share the same saint name and geographic location (Nashville, TN), they are distinct facilities serving different purposes, indicating a probable upstream matching error."
Ranch Muffler and Truck Accessories,Ranch Muffler & Truck Accessories Inc,Temecula,same_entity_diff_name,prefer_base,high,"Both names refer to the same business at the same location (Temecula, CA) with nearly identical core naming—""Ranch Muffler and Truck Accessories"" vs ""Ranch Muffler & Truck Accessories Inc""—differing only in the use of ""and"" vs ""&"" and the addition of the legal suffix ""Inc"" in the base name. The category difference (automotive_parts_and_accessories vs b2b_truck_equipment_parts_and_accessories) reflects different categorization schemes for the same entity rather than a true mismatch. This is a clear case of the same entity with minor naming convention differences."
Glass Chek and Hardware,Glass chek & hardware Ltd,Kentville,same_entity_diff_name,flag_for_review,medium,"The names are nearly identical (differing only in capitalization and the addition of ""Ltd"" in the base name), and both refer to the same business in Kentville, NS. However, the category mismatch (auto_glass_service vs window_supplier) suggests these records may describe different service lines or have been miscategorized rather than representing different entities."
Itto個別指導学院 神奈川大井松田,ITTO個別指導学院 大井松田校,足柄上郡大井町,same_entity_diff_name,prefer_base,high,"Both names refer to the same Itto individual tutoring academy in Oi Matsuda, Kanagawa, with differences in capitalization (Itto vs ITTO), location descriptor ordering (神奈川大井松田 vs 大井松田校), and category labeling (education vs specialty_school). The core entity and geographic location are identical, making this a same_entity_diff_name case with minor formatting variations."
Club Torso Gay Hotels & Resorts,Club Torso Gay Resort & Hotel,Maspalomas,same_entity_diff_name,prefer_alt,high,"Both names refer to the same resort in Maspalomas with identical categories (resort), and the difference is purely stylistic: one uses ""Hotels & Resorts"" (plural) while the other uses ""Resort & Hotel"" (singular with reversed word order). This is a straightforward naming convention variation of the same entity."
BIOCOOP Coustellet Maubec,BIOCOOP Cultures Bio Maubec,Maubec,same_entity_diff_name,prefer_base,high,"Both names refer to the same BIOCOOP organic grocery store in Maubec, but use different naming conventions: one includes a locality descriptor (Coustellet, likely a neighborhood or district) while the other includes a subsidiary brand name (Cultures Bio). The matching city and aligned categories (both organic grocery) confirm this is the same entity with alternative naming rather than a location mismatch."
Pasteles D' Súsan,Pastelería D' Susan,Gómez Palacio,same_entity_diff_name,prefer_base,high,"Both names refer to the same pastry shop in Gómez Palacio with consistent categories (desserts/pie shop), but differ in formality and spelling: ""Pasteles D' Súsan"" uses an informal shortened form with accent mark, while ""Pastelería D' Susan"" uses the formal establishment type (Pastelería = pastry shop) with standard spelling. These are naming convention variants of the same entity."
Tortería Mi Feo,Tortas Mi Feo,San Luis Potosí,same_entity_diff_name,prefer_base,high,"Both names refer to the same Mexican food establishment in San Luis Potosí with a single-character difference (""Tortería"" vs ""Tortas""), which represents a minor spelling/naming variant of the same business rather than a structural difference in naming convention. The shared location, overlapping categories (food_stand and Mexican Restaurant both describe quick-service food), and the trivial orthographic difference indicate this is a same_entity_diff_name case where one spelling may be slightly more formal or accurate than the other."
沖縄そば 地酒和々,沖縄そば 和々,那覇市,same_entity_diff_name,prefer_alt,high,"The alt_name includes ""地酒"" (local sake) as a descriptor between the main restaurant name and the suffix, while the base_name omits this descriptor entirely. Both names refer to the same Okinawan noodle restaurant ""沖縄そば 和々"" in Naha City, with matching categories and location, making this a case where one name is more descriptive/complete than the other rather than a structural abbreviation."
สนามฟุตบอลกอล์ฟวิว,สนามฟุตบอล Golf View,,same_entity_diff_name,prefer_base,high,"The alt_name ""สนามฟุตบอลกอล์ฟวิว"" is a Thai transliteration of ""Soccer Field Golf View"", while the base_name ""สนามฟุตบอล Golf View"" mixes Thai (สนามฟุตบอล = soccer field) with the English brand name ""Golf View"". Both refer to the same entity with matching categories (soccer_field), and the difference is purely in naming convention—one fully Thaiicizes the brand name while the other preserves the English portion."
Don Pancho Barber Studio,Don Pancho Barber Shop,San Cristóbal de las Casas,same_entity_diff_name,prefer_base,high,"Both names refer to the same barbershop business in San Cristóbal de las Casas, differing only in the suffix (""Studio"" vs ""Shop""), which are interchangeable descriptors for the same service type. Both categories align on hair/beauty services, and the geographic location is identical, confirming this is the same entity with minor nomenclature variation."
Vanessa Brito Hair,Vanessa Brito Studio,São Vicente,same_entity_diff_name,prefer_alt,high,"Both names refer to the same hair salon business owned by Vanessa Brito in São Vicente, SP, with matching categories (hair_salon and Health and Beauty Service). The difference lies in the descriptor: ""Hair"" (alt_name) is more specific about the service type, while ""Studio"" (base_name) is a more generic/formal business designation. This is a same_entity_diff_name scenario where one uses a service-specific term and the other uses a professional establishment term, both commonly used interchangeably for salon businesses."
Service King Collision Repair South Ft. Worth,Service King Collision Repair of South Ft Worth,Fort Worth,same_entity_diff_name,prefer_alt,high,"Both names refer to the same Service King collision repair location in South Fort Worth, with identical categories (brake_service_and_repair) and matching city/state. The only differences are minor formatting variations: ""Ft. Worth"" vs ""Ft Worth"" (punctuation in abbreviation) and the inclusion of ""of"" in the base name, which are stylistic rather than semantic differences indicating the same entity with different naming conventions."
"City View Plumbing, HVAC & Water Conditioning","City View Plumbing, Heating, & Air Conditioning",Long Lake,location_mismatch,flag_for_review,high,"The category mismatch (hair_salon vs hvac_services) is a critical signal that these records likely represent different businesses despite the similar names. While the names are structurally similar with common abbreviations (HVAC vs ""Heating, & Air Conditioning""), the category disagreement suggests a data quality issue or upstream matching error rather than genuine name variants for the same entity."
Black Box Bari,Black Box Store,Bari,same_entity_diff_name,prefer_alt,high,"""Black Box Bari"" includes the city name as a geographic qualifier, while ""Black Box Store"" is a generic descriptor; both refer to the same clothing retailer in Bari (state 75), and the categories align (clothing_store), indicating these are alternative names for the same entity rather than different locations."
Perrone Giuseppe,Perrone Traslochi,Palermo,same_entity_diff_name,prefer_base,high,"The alt_name ""Perrone Giuseppe"" appears to be a person's name, while base_name ""Perrone Traslochi"" is a business name where ""Traslochi"" is Italian for ""moving/relocation services."" Both records share the same category (movers/transportation service), same city (Palermo), and same state (82), suggesting they refer to the same moving company. The alt_name likely represents the owner's name while the base_name is the official business name—a common pattern in Italian small businesses where the proprietor's name is used interchangeably with the company name."
Euregio Immobilien Thorsten Deitel,Euregio Immobilien Uwe Hardt e.K.,Schüttorf,location_mismatch,flag_for_review,medium,"Both names share the ""Euregio Immobilien"" prefix and are categorized as real estate services in the same city (Schüttorf), but they differ in the individual proprietor names (Thorsten Deitel vs. Uwe Hardt e.K.), suggesting these are either different branches/offices of the same company or different legal entities operating under the same brand umbrella rather than the same entity with naming variations."
Kinastumper.dk,Kinastumper ApS,Ryomgård,same_entity_diff_name,prefer_base,high,"Both names refer to the same motorcycle repair business in Ryomgård, Denmark, but differ in naming convention: ""Kinastumper.dk"" is the domain/web identifier while ""Kinastumper ApS"" is the formal legal business entity name (ApS = Andelsselskab med Personlig Haftelse, a Danish business structure). The categories align on automotive repair services, confirming the same entity. This is a standard case of subsidiary naming conventions where the website version omits the legal entity designation."
Giudice di Pace di Genova,Giudice di pace - Genova,Genova,same_entity_diff_name,prefer_alt,high,"Both names refer to the same judicial entity (Giudice di Pace = Justice of the Peace court) in Genova, Italy, differing only in punctuation and word order (""di Genova"" vs ""- Genova""), which is a normalization variation rather than a substantive difference. The categories align conceptually (public service/government vs courthouse), and the shared city confirms geographic consistency."
MC Goblins Münchberg,MC Goblins Clubhaus,Münchberg,same_entity_diff_name,prefer_alt,high,"Both names refer to the same motorcycle club (MC Goblins) in Münchberg, with ""Münchberg"" being a geographic descriptor in the alt name and ""Clubhaus"" being a descriptor of the establishment type in the base name. The category mismatch (speakeasy vs. Club House) reflects different categorization systems rather than different entities, and both names unambiguously identify the same real-world organization in the same city."
City Of Santee Fire Station 5,City of Santee Fire Station #1,Santee,location_mismatch,flag_for_review,high,"These are different fire stations within the same city (Station 5 vs Station #1), indicating they serve different geographic areas or facilities of the City of Santee Fire Department. The matching appears to be an upstream error pairing distinct facilities by the same organization."
DaVita Cornerstone At Home,Davita Cornerstone Dialysis,Southfield,same_entity_diff_name,prefer_alt,medium,"Both names refer to the same DaVita dialysis provider in Southfield, MI, but differ in service descriptor: ""At Home"" (home dialysis services) versus ""Dialysis"" (facility-based services). These represent different service lines or operational modes of the same parent organization, making this a same_entity_diff_name classification where the names emphasize different aspects of the business rather than indicating a location mismatch or abbreviation failure."
Mr Mobile Care Specialist - MR4,Mr Mobile Care Specialist (Hq),,location_mismatch,flag_for_review,medium,"Both names refer to the same mobile phone retailer ""Mr Mobile Care Specialist"" but differ in suffixes: one specifies a branch location code (""MR4"") while the other indicates it is a headquarters (""HQ""). The categories align (mobile_phone_store), and the absence of city/state data prevents location verification, but the branch vs. HQ distinction suggests these may be different physical locations within the same chain rather than the same entity."
ท่ารถตู้ประจวบ-กรุงเทพ,ท่ารถตู้ ประจวบ-ชุมพร,,location_mismatch,flag_for_review,high,"The two names refer to the same bus station but differ in the destination endpoint: ""ประจวบ-กรุงเทพ"" (Prachuap-Bangkok) versus ""ประจวบ-ชุมพร"" (Prachuap-Chumphon). These represent different route destinations from the same origin station, indicating a location_mismatch where the records likely describe different services or branches of the same operator rather than the same entity. The categories align (bus_station), but the route destinations are geographically distinct."
Assembleia de Deus - Casa Verde,Assembléia de Deus da Casa Verde,São Paulo,same_entity_diff_name,prefer_base,high,"Both names refer to the same Pentecostal church in São Paulo with identical geographic location, differing only in accent marks (Deus vs Deús) and minor word order/formatting variations (""Casa Verde"" positioned differently). The categories align semantically (pentecostal_church matches Church), and the shared city/state confirm this is the same entity using different naming conventions rather than a location mismatch or abbreviation issue."
911 Restoration (Riverside County),911 Restoration of Riverside County,CORONA,same_entity_diff_name,prefer_base,high,"Both names refer to the same franchise business in the same location with identical categories; the difference is purely stylistic—one uses parenthetical notation while the other uses ""of"" preposition. This is a standard naming convention variation for the same entity."
WEISSER RING e.V. - Außenstelle Schaumburg,WEISSER RING e.V. - Außenstelle Delmenhorst,Hannover,location_mismatch,flag_for_review,high,"These are two different branch offices (Außenstelle) of the same organization ""WEISSER RING e.V."" located in different cities (Schaumburg vs Delmenhorst), indicating a probable upstream matching error where distinct regional entities were incorrectly paired together."
Коллегия адвокатов г. Москвы «ЭксЛедж»,Коллегия адвокатов «ЭксЛедж» г. Москва,Москва,same_entity_diff_name,prefer_alt,high,"Both names refer to the same law office (Коллегия адвокатов ""ЭксЛедж"") in Moscow with identical categories; they differ only in word order and formatting conventions (placement of city name before vs. after the organization name), which is a stylistic variation common in Russian business naming rather than a substantive difference."
Детская городская клиническая больница 9 имени Сперанского Г.Н.,Детская городская клиническая больница № 9 им. Г.Н. Сперанского,Москва,same_entity_diff_name,prefer_base,high,"Both names refer to the same children's hospital in Moscow with identical category classification; they differ only in formatting conventions: the alt name uses written-out ""9"" and ""имени"" (meaning ""named after""), while the base name uses the numeral ""№ 9"" and the abbreviation ""им."" — standard Russian naming variations for the same entity."
新宮町役場 シーオーレ新宮社会教育課,新宮町役場 シーオーレ新宮歴史資料館,Sue-machi Kasuya-gun,location_mismatch,flag_for_review,high,"Both names share the prefix ""新宮町役場 シーオーレ新宮"" (Shingū Town Hall C-ORE Shingū) but differ in their suffix departments: one refers to ""社会教育課"" (Social Education Division) while the other refers to ""歴史資料館"" (History Museum). These are distinct functional units within the same municipal facility, not the same entity, indicating a location_mismatch or upstream matching error rather than a naming variant of the same place."
Auto Técnica Medellín,Automecanica Medellin,San Luis Potosí,same_entity_diff_name,prefer_alt,high,"Both names refer to the same automotive repair business in San Luis Potosí, with ""Auto Técnica Medellín"" and ""Automecanica Medellin"" being Spanish language variants of the same entity name. The categories align (both automotive repair), the location matches (same city and state), and the naming difference reflects informal spelling variation (""Técnica"" vs ""mecanica"") and accent mark differences (""Medellín"" vs ""Medellin"") rather than structural differences that would indicate different branches or entities."
Real Estate Profile1 - Local,Real Estate Profile1 - Suite,East Palo Alto,test_data,discard,high,"The two names are nearly identical placeholder-style entries (""Real Estate Profile1"") that differ only in a location descriptor suffix (""Local"" vs ""Suite""), combined with conflicting category assignments (automotive vs building_supply_store) that suggest these are synthetic test records rather than genuine business entities."
กิตติเวชภัณฑ์,กิตติเวชเภสัช,Bangkok,same_entity_diff_name,prefer_base,high,"Both names refer to the same Thai pharmacy chain ""Kittivej"" with nearly identical roots, but differ in their suffix components: ""ภัณฑ์"" (phand, meaning product/goods) versus ""เภสัช"" (phesatch, the Thai word for pharmacy). The categories align (pharmacy/Retail > Pharmacy), and both are located in Bangkok, indicating this is the same entity using different naming conventions rather than a location mismatch or abbreviation variant."
Carlos Alberto  Hair Stylist,Carlos Alberto Hair Stailyst,,same_entity_diff_name,prefer_alt,high,"The base_name contains an apparent typo (""Stailyst"" instead of ""Stylist""), and both records refer to the same person/business offering hair styling services in the beauty and spa category, despite minor category label differences. The names are structurally identical except for the misspelling in the base record."
"Dr. Martin S. Kanovsky, MD, FACP",Dr. Martin Kanovsky MD FACC FACP,Chevy Chase,same_entity_diff_name,prefer_base,high,"Both names refer to the same cardiologist in the same location (Chevy Chase, MD) with matching professional credentials (FACP appears in both), but they differ in the middle initial (S. vs. omitted) and one credential listing (FACC in base vs. S. initial in alt). The credential discrepancy (FACC vs. the middle initial) suggests one record may be more complete or accurate, but both fundamentally identify the same physician with the same specialty and location."
DANCENTER (16792) 6 Personen Ferienhaus in einem Ferienpark in Ringkøbing,DANCENTER (19612) 4 Personen Ferienhaus in einem Ferienpark in Ringkøbing,Ringkøbing,location_mismatch,flag_for_review,high,"These are two distinct vacation cabins within the same DANCENTER holiday park in Ringkøbing, differentiated by their unique identifier numbers (16792 vs 19612) and capacity (6 persons vs 4 persons). They represent different physical units rather than the same entity, indicating a location_mismatch at the property level."
DANCENTER (39879) 6 Personen Ferienhaus in einem Ferienpark in Hanstholm,DANCENTER (39889) 6 Personen Ferienhaus in einem Ferienpark in Hanstholm,Hanstholm,same_entity_diff_name,flag_for_review,medium,"The two names are nearly identical descriptions of the same holiday rental property type in the same location, differing only in their internal reference numbers (39879 vs 39889), which suggests these are duplicate records for different units within the same DANCENTER holiday park facility in Hanstholm rather than truly different entities."
DANCENTER (39892) 6 Personen Ferienhaus in einem Ferienpark in Hanstholm,DANCENTER (39905) 6 Personen Ferienhaus in einem Ferienpark in Hanstholm,Hanstholm,location_mismatch,flag_for_review,high,"Both names refer to DANCENTER holiday rental homes in Hanstholm with identical descriptions, but they have different property IDs (39892 vs 39905), indicating these are distinct units within the same holiday park rather than the same entity with different names."
DANCENTER (58195) 5 Personen Ferienhaus in einem Ferienpark in Glesborg,DANCENTER (58208) 5 Personen Ferienhaus in einem Ferienpark in Glesborg,Glesborg,location_mismatch,flag_for_review,high,"These are two different properties within the same DANCENTER vacation park chain in Glesborg, distinguished by unique property IDs (58195 vs 58208). Both are 5-person vacation cabins in the same park, same location, and same category, but the IDs indicate they are separate physical units, making this a location_mismatch at the property level rather than the same entity."
Northwest RV & Self Storage,Northwest RV & Mini Storage,Tucson,same_entity_diff_name,prefer_alt,high,"Both names refer to the same RV storage facility in Tucson, AZ with identical categories, but differ only in the secondary storage descriptor: ""Self Storage"" vs ""Mini Storage"" — these are synonymous or near-synonymous terms for the same service offering, making this a same_entity_diff_name case where naming conventions or marketing language differs slightly."
