short_name,long_name,extra_content,correct_answer,annotator_selected_name,city,alt_address,base_address,real_canonical_name,closer_to_real,annotator_correct,verification_sources,verification_notes
Hulk Security Systems,"Hulk Security Systems - Intercom, Access Control & Burglary Alarms systems",intercom access control burglary alarms systems,disambiguation,Hulk Security Systems,New York,676 9th Ave,676A 9th Ave #399,Hulk Security Systems,shorter,yes,"Brand website, Yelp",Not Google Maps
iChiro Clinics,iChiro Clinics/Peak Performance Integrated Medicine North Office,peak performance integrated medicine north office,disambiguation,iChiro Clinics,Grand Rapids,4150 E Beltline Ave NE,4150 E Beltline Ave NE Ste 3,iChiro Clinics/Peak Performance Integrated Medicine North Office,longer,no,"Brand website, Google Maps",
Matt Nashed,"Matt Nashed, DDS - Arcadia Orthodontist Children's Dentistry",dds arcadia orthodontist childrens dentistry,business_type,"Matt Nashed, DDS - Arcadia Orthodontist Children's Dentistry",Arcadia,45 E Foothill Blvd,45 E Foothill Blvd,"Matt Nashed, DDS - Arcadia Orthodontist Children's Dentistry",longer,yes,Google Maps,
ImmoWert Hessen,ImmoWert Hessen Carsten Nessler Sachverständige für Immobilien,carsten nessler sachverstandige fur immobilien,disambiguation,ImmoWert Hessen,Wiesbaden,Unter den Eichen 7,Unter den Eichen 7,ImmoWert Hessen,shorter,yes,"Brand website, Google Maps",
George McFaden,George McFaden at Guaranteed Rate Affinity - NMLS #344084,at guaranteed rate affinity nmls 344084,noise,George McFaden,San Francisco,117 Greenwich St,117 Greenwich St,George McFaden at Guaranteed Rate Affinity,longer,no,,
Pharmasave Holyrood,Pharmasave Holyrood Pharmacy and Telehealth Medical Clinic,pharmacy and telehealth medical clinic,business_type,Pharmasave Holyrood Pharmacy and Telehealth Medical Clinic,Edmonton,9020 75 St NW,9020 - 75 Street N.W.,Pharmasave Holyrood,shorter,no,Brand website,Not Google Maps
Praxis Fahima Asseily,Praxis Fahima Asseily für alternative Therapien und Seminare,fur alternative therapien und seminare,business_type,Praxis Fahima Asseily für alternative Therapien und Seminare,Braunschweig,Berliner Heerstraße 9,Berliner Heerstraße 9,Praxis Fahima Asseily für ganzheitliche Therapien und Seminare,longer,yes,Google Maps,
Comune di Atina,Comune di Atina - Uno dei Borghi più Belli d'Italia,uno dei borghi piu belli ditalia,noise,Comune di Atina,Atina,"Piazza Saturno, 11",Piazza Saturno 1,Comune di Atina,shorter,yes,"Brand website, FaceBook, Google Maps",
bergwerk IT GmbH,bergwerk IT GmbH | Webentwicklung & IT-Infrastruktur,webentwicklung itinfrastruktur,disambiguation,bergwerk IT GmbH,Schwerin,Bergstraße 45,Bergstr. 45,bergwerk IT GmbH,shorter,yes,"Brand website, Google Maps",
Flanagan Paint & Supply,Flanagan Paint & Supply- Benjamin Moore Paint- Edwardsville,benjamin moore paint edwardsville,location,Flanagan Paint & Supply,Edwardsville,1510 Troy Rd,1510 Troy Rd,Flanagan Paint & Supply - Benjamin Moore Paint,longer,no,"Brand website, Google Maps",
Dan Stiebel,"Dan Stiebel, Coldwell Banker Commercial Schmidt",coldwell banker commercial schmidt,disambiguation,Dan Stiebel,Traverse City,402 E Front St,522 E Front St,"Dan Stiebel, Coldwell Banker Commercial Schmidt",longer,no,"Brand website, Google Maps",
PC-Shop Delmenhorst,PC-Shop Delmenhorst Inh. Harald H. J. Mählenhoff e.K.,inh harald h j mahlenhoff ek,noise,PC-Shop Delmenhorst,Delmenhorst,Oldenburger Straße 40,Oldenburger Str. 40,PC-Shop Delmenhorst,shorter,yes,Brand website,Not Google Maps
Eat Happy,Eat Happy Sushi & asiatische Spezialitäten,sushi asiatische spezialitaten,business_type,Eat Happy Sushi & asiatische Spezialitäten,Speyer,St.-German-Str. 8,Sankt-German-Straße 8,EAT HAPPY,shorter,no,"Brand website, Google Maps",Older name
Bad & Meer,Bad & Meer Fachmarkt für Heizung & Sanitär,fachmarkt fur heizung sanitar,business_type,Bad & Meer Fachmarkt für Heizung & Sanitär,Büdelsdorf,Hollerstr. 99,Hollerstr. 99,Bad & Meer,shorter,no,"Brand website, Google Maps",
Canal Video,Canal Vidéo Laryan 82 Franchisé indépendant,laryan 82 franchise independant,disambiguation,Canal Video,Montauban,2 Rue Mary Lafon,"2 rue Mary Lafon, Albanrd",Canal Video,shorter,yes,Yelp,
Vegano Bio,Vegano Bio - Shop Online Prodotti Vegani,shop online prodotti vegani,noise,Vegano Bio,Pesaro,"Viale Antonio Gramsci, 21","Viale Gramsci Antonio, 21",Vegano Bio,shorter,yes,,
De Giovannini,De Giovannini Secondo di Cozzi Pier Secondo,secondo di cozzi pier secondo,disambiguation,De Giovannini,Legnano,"Piazza Don Luigi Sturzo, 10",Via Piazza Don Luigi Sturzo 10,De Giovannini di Cozzi Pier Secondo ,longer,no,"Brand website, Google Maps",
Clínica Gisele Cario,Clínica Gisele Cario - Spazio di Medicina Estética,spazio di medicina estetica,business_type,Clínica Gisele Cario - Spazio di Medicina Estética,Rio de Janeiro,"Rua Conde de Bonfim, 44","Rua Conde de Bonfim, 44, sala 1105",Clínica Gisele Cario,shorter,yes,"FaceBook, Instagram",Not Yelp
Craig Bagley,Craig Bagley - State Farm Insurance Agent,state farm insurance agent,business_type,Craig Bagley - State Farm Insurance Agent,Weatherford,1916 Martin Dr,1916 Martin Dr Ste 300,Craig Bagley - State Farm Insurance Agent,longer,yes,"Brand website, Google Maps",
Edward Jones,Edward Jones- Financial Advisor:Heidi Lue,financial advisorheidi lue,disambiguation,Edward Jones,Snellville,2795 Main St W,2795 Main St W Ste 24B,"Edward Jones - Financial Advisor: Heidi L Lue, CEPA®",longer,yes,Google Maps,Not FaceBook
Poorvika Mobiles,Poorvika Mobiles Cuddalore - Opp to Bus Stand,cuddalore opp to bus stand,noise,Poorvika Mobiles,Cuddalore,66 Lawrence Road,"No.75, Lawrence Road, Opposite to Bus Stand, Muthaiya Nagar, Thirupapuliyur",Poorvika Mobiles Cuddalore,shorter,yes,"Brand website, FaceBook, Google Maps",
Ordine degli Ingegneri,Ordine degli Ingegneri della Provincia di Cagliari,della provincia di cagliari,location,Ordine degli Ingegneri,Cagliari,"Via Torquato Tasso, 25",Via Tasso 25,Ordine degli Ingegneri della Provincia di Cagliari,longer,no,"Brand website, Google Maps",Italy might be a country where location subsets matter
Dercole Pneumatici,Dercole Pneumatici Autofficina Castrol Service,autofficina castrol service,business_type,Dercole Pneumatici Autofficina Castrol Service,Cusano Milanino,"Via Alessandrina, 71","Via Alessandrina, 71",Dercole Pneumatici Autofficina Castrol Service,longer,yes,Google Maps,"It's more correct, but Castrol Service might be Google Maps SEO garbage"
Volker Rentel GmbH,Volker Rentel GmbH Heizung- und Sanitärtechnik,heizung und sanitartechnik,business_type,Volker Rentel GmbH Heizung- und Sanitärtechnik,Oberhausen,Duisburger Str. 171 - 173,Duisburger Str. 171 -173,Volker Rentel GmbH,shorter,no,"Brand website, Google Maps",Odd exmaple
Jiffy Xpress,Jiffy Xpress / Godfather's Pizza Express,godfathers pizza express,noise,Jiffy Xpress,Martensdale,290 Highway 28,,Jiffy Xpress,shorter,yes,"Brand website, Google Maps",Should never be together
Results Physiotherapy,"Results Physiotherapy Nashville, Tennessee - West",nashville tennessee west,location,Results Physiotherapy,Nashville,6816 Charlotte Pike Ste 103,6816 Charlotte Pike,Results Physiotherapy,shorter,yes,"Brand website, Google Maps",seo garbage
Mystères du Lac,Mystères du Lac - City Games & Escape Game,city games escape game,noise,Mystères du Lac,Annecy,23 Rue Sommeiller,23 rue Sommeiller,Mystères du Lac,shorter,yes,"Brand website, Yelp, Google Maps",
Heilbronner Teeladen,Heilbronner Teeladen in der Delikatessa Kaufhof,in der delikatessa kaufhof,location,Heilbronner Teeladen,Heilbronn,Fleiner Straße 15,Deutschhofstraße 15,Heilbronner Teeladen,shorter,yes,"Brand website, Google Maps, MapQuest",
Dixon Center,Dixon Center for Integrative Healthcare,for integrative healthcare,business_type,Dixon Center for Integrative Healthcare,Nashville,211 Old Hickory Blvd,211 Old Hickory Blvd,Dixon Center for Integrative Healthcare,longer,yes,"Google Maps, Yelp, FaceBook",
Palmyra Beaute,Palmyra Beauté - Institut de beauté Agde,institut de beaute agde,disambiguation,Palmyra Beaute,Agde,4 Avenue des Alizés,avenue Alizés,Palmyra Beaute,shorter,yes,"Brand website, FaceBook, Google Maps",Good candidate for Hypothesis 3: constructing a new third name
Freddy's Frozen Custard & Steakburgers,"Freddy's Frozen Custard & Steakburgers Spring, TX, Kuykendahl Rd",spring tx kuykendahl rd,location,Freddy's Frozen Custard & Steakburgers,Spring,21420 Kuykendahl Rd,21420 Kuykendahl Rd,Freddy's Frozen Custard & Steakburgers,shorter,yes,"Brand website, FaceBook, Google Maps",
Signal Iduna,SIGNAL IDUNA Geschäftsstelle Siegburg,geschaftsstelle siegburg,business_type,SIGNAL IDUNA Geschäftsstelle Siegburg,Siegburg,Augustastraße 5B,Augustastr. 5 b,Signal Iduna,shorter,no,"Brand website, Google Maps","Internal listing, not public facing listing"
Odell Brewing Co,Odell Brewing Co-Small Batch Revival 2011,small batch revival 2011,noise,Odell Brewing Co,Fort Collins,800 E Lincoln Ave,800 E Lincoln Ave,Odell Brewing Co,shorter,yes,"Brand website, Google Maps",
Steve & Lori Robinson Realtors,Steve & Lori Robinson Realtors - BHHS Elite Real Estate,bhhs elite real estate,disambiguation,Steve & Lori Robinson Realtors,American Fork,825 E 1180 S,825 E 1180 S Ste 300,Steve & Lori Robinson Realtors,shorter,yes,"Brand website, FaceBook, Instagram, Berkshire Hathaway",
Arthur Murray,Arthur Murray Dance Studio - Beaverton,dance studio beaverton,business_type,Arthur Murray Dance Studio - Beaverton,Beaverton,10030 SW Beaverton Hillsdale Hwy,10030 SW Beaverton Hillsdale Highway,Arthur Murray Dance Studio - Beaverton,longer,yes,"Brand website, FaceBook, Instagram, Yelp, TripAdvisor",NOT good candidate for Hypothesis 3: constructing a new third name?
Hanger Clinic,Hanger Clinic: Prosthetics & Orthotics,prosthetics orthotics,business_type,Hanger Clinic: Prosthetics & Orthotics,Zachary,6363 Main St,6363 Main St Ste E,Hanger Clinic: Prosthetics & Orthotics,longer,yes,"Brand website, Google Maps, Yelp",
Pieology Pizzeria,"Pieology Pizzeria Aina Haina, Honolulu, HI",aina haina honolulu hi,location,Pieology Pizzeria,Honolulu,820 W Hind Dr,820 W Hind Dr,Pieology Pizzeria,shorter,yes,"Brand website, Yelp",Not Google Maps
PicturePeople Fotostudio,PicturePeople Fotostudio Frankfurt-Berger-Straße,frankfurtbergerstraße,location,PicturePeople Fotostudio,Frankfurt am Main,Berger Straße 124A,Berger Str. 124A,PicturePeople Fotostudio Frankfurt-Berger-Straße,longer,no,"Brand website, Google Maps",Is Germany like Italy where location/name is usually not SEO?
Open Air,Open Air - Power Bus Specialists,power bus specialists,business_type,Open Air - Power Bus Specialists,St Cloud,100 Roosevelt Rd,100 Roosevelt Rd Ste A,Open Air,shorter,no,"Brand website, Google Maps, Yelp",
Apollo Tyres,Apollo Tyres - Bhatia Tyre & Service,bhatia tyre service,disambiguation,Apollo Tyres,Fatehabad,"Shop No 233, Auto Market",Shop No 233,Apollo Tyres - Bhatia Tyre & Service,longer,no,"Brand website, Google Maps",
UBS Vila Elvira,UBS Vila Elvira - São José Do Rio Preto,sao jose do rio preto,location,UBS Vila Elvira,,,,UBS Vila Elvira,shorter,yes,"Google Maps, Instagram, cnes2.datasus.gov.br",Not brand website (website is buggy)
Barnegat Bay Financial Group,Barnegat Bay Financial Group - Raymond James Office,raymond james office,disambiguation,Barnegat Bay Financial Group,Lacey,929 Lacey Rd,929 Lacey Rd,Barnegat Bay Financial Group,shorter,yes,"Brand website, Google Maps",Not MapQuest
First Hawaiian Bank ATM,"First Hawaiian Bank ATM, Minit Stop-Orchidland",minit stoporchidland,disambiguation,First Hawaiian Bank ATM,Keaau,"16-1119 Orchid Land Drive, Minit Stop-Orchidland",1119 Orchid Land Drive,"First Hawaiian Bank ATM, Minit Stop-Orchidland",longer,no,"Brand website, Google Maps","Might be like Italy and Germany, location is a norm"
Auto Stark,Auto Stark Acessórios Automotivo,acessorios automotivo,business_type,Auto Stark Acessórios Automotivo,Osasco,"Rua Morganita, 52",rua morganita número 52,Auto Stark Acessórios Automotivo,longer,yes,Google Maps,"Not Instagram (but as a bio yes), and lack of brand website"
Extended Stay America,Extended Stay America Los Angeles / Arcadia,los angeles arcadia,location,Extended Stay America,Arcadia,401 E Santa Clara St,401 E Santa Clara St,Extended Stay America Los Angeles / Arcadia,longer,no,"Brand website, Google Maps",Another example of location being a norm
Bluebird Care,Bluebird Care Tamworth & Lichfield,tamworth lichfield,location,Bluebird Care,Tamworth,21 Lichfield Street,"Manor House, Lichfield Street",Bluebird Care Tamworth & Lichfield,longer,no,"Brand website, Google Maps",Another example of location being a norm - chain
essbar 32,Essbar 32 Inh. Zahide Kahraman,inh zahide kahraman,disambiguation,essbar 32,Köln,Maternusstraße 32,maternusstrasse 32,essbar 32,shorter,yes,Google Maps,Dead business
Remington Heights,Remington Heights Retirement Community,retirement community,business_type,Remington Heights Retirement Community,Omaha,12606 W Dodge Rd,12606 W Dodge Rd,Remington Heights Retirement Community,longer,yes,Google Maps,"Not brand website, because it's in description/bio as a tagline. Makes sense that map listing also inherits the business descriptor for clarity"
BFC MONEY,BFC Money Vay Nhanh Qua Icloud,vay nhanh qua icloud,disambiguation,BFC MONEY,Quận Nam Từ Liêm,25 Phố Nguyễn Hoàng,25 Phố Nguyễn Hoàng,BFC MONEY,shorter,yes,"Confirmed with Vietnamese citizen, some Google Maps",Common noise/garbage in Vietnam
Carquest Auto Parts,Carquest Auto Parts - Jerry's Auto Parts,jerrys auto parts,disambiguation,Carquest Auto Parts,Rock Valley,2001 10th St,2001 10th St,Carquest Auto Parts - Jerry's Auto Parts,longer,no,"Brand website, Google Maps",Chain store standard
Albany Auto Color,Albany Auto Color and Power Equipment,and power equipment,business_type,Albany Auto Color and Power Equipment,Albany,1014 N Cross St,1014 N Cross St,Albany Auto Color and Power Equipment,longer,yes,"Brand website, FaceBook, Google Maps",
Top Cut,Top Cut Family Hair Cutters,family hair cutters,business_type,Top Cut Family Hair Cutters,Broken Arrow,6424 S Elm Pl,6400 S Elm Pl,Top Cut Family Hair Cutters,longer,yes,"Brand website, FaceBook, Google Maps",
Miracle Mile Shops,Miracle Mile Shops At Planet Hollywood,at planet hollywood,location,Miracle Mile Shops,Las Vegas,3663 S Las Vegas Blvd,3663 Las Vegas Blvd South,Miracle Mile Shops,shorter,yes,"Brand website, Google Maps",
Green Leaf's,Green Leaf's Beyond Great Salads,beyond great salads,business_type,Green Leaf's Beyond Great Salads,Bethlehem,77 Sands Blvd,77 Sands Blvd,Green Leaf's Beyond Great Salads,longer,yes,"Brand website, old menu, Simon mall listing",Old name before they changed to Green Leaf's and Bananas
Boot Barn Hall,Boot Barn Hall at Bourbon Brothers,at bourbon brothers,disambiguation,Boot Barn Hall,Gainesville,312 Jesse Jewell Pkwy,312 Jesse Jewell,Boot Barn Hall at Bourbon Brothers,longer,no,"Brand website, Yelp, Apple maps",
Dog's Shop,Dog's Shop Pampulha - Pet Shop,pampulha pet shop,business_type,Dog's Shop Pampulha - Pet Shop,Belo Horizonte,Av. Portugal 4273,"Av. Portugal, 4297",,,,"",Candidate for H3... location + descriptor
Service Neon,Service Neon di Cateni Riccardo,di cateni riccardo,disambiguation,Service Neon,Rosignano Solvay,"Via Cava, 257",Via della Cava 257,,,,,
Wohnungsauflösungen Schenk,Wohnungsauflösungen Schenk Ankauf und Verkauf,ankauf und verkauf,business_type,Wohnungsauflösungen Schenk Ankauf und Verkauf,Selb,Ludwigstraße 38,Ludwigstr. 38,,,,,
Parc Clichy-Batignolles,Parc Clichy-Batignolles Martin Luther King,martin luther king,location,Parc Clichy-Batignolles,Paris,147 Rue Cardinet,Rue Cardinet,,,,,
The Vineyard Church,The Vineyard Church Bloomington-Normal,bloomingtonnormal,location,The Vineyard Church,Normal,380 Wylie Dr,380 Wylie Dr Ste 650,,,,,
Olive Garden,Olive Garden Italian Restaurant,italian restaurant,business_type,Olive Garden Italian Restaurant,Midland,6803 Eastman Ave,6803 Eastman Avenue,Olive Garden Italian Restaurant,longer,yes,,
Olive Garden,Olive Garden Italian Restaurant,italian restaurant,business_type,Olive Garden Italian Restaurant,Montclair,9251 Monte Vista Ave,9251 Monte Vista Ave,Olive Garden Italian Restaurant,longer,yes,,
Olive Garden,Olive Garden Italian Restaurant,italian restaurant,business_type,Olive Garden Italian Restaurant,Midland,6803 Eastman Ave,6803 Eastman Avenue,Olive Garden Italian Restaurant,longer,yes,,
Olive Garden,Olive Garden Italian Restaurant,italian restaurant,business_type,Olive Garden Italian Restaurant,Montclair,9251 Monte Vista Ave,9251 Monte Vista Ave,Olive Garden Italian Restaurant,longer,yes,,
The Flying Locksmiths,The Flying Locksmiths - Los Angeles West,los angeles west,location,The Flying Locksmiths,Inglewood,11222 S La Cienega Blvd,11222 S La Cienega Blvd Ste 254,,,,,
Aldak GmbH,ALDAK GmbH VIBRATIONSTECHNIK,vibrationstechnik,business_type,ALDAK GmbH VIBRATIONSTECHNIK,Troisdorf,Redcarstr. 18,Redcarstr. 18,,,,,
MID COUNTY LANES,Mid County Lanes and Entertainment,and entertainment,business_type,Mid County Lanes and Entertainment,Middletown,875 N Broad St,875 N BROAD St,,,,,
Comercial Mariano,Comercial Mariano de Porto Velho-Ro,de porto velhoro,location,Comercial Mariano,Porto Velho,"Rua da Beira, 7420",Rua da Beira,,,,,
Fitness Together,Fitness Together - Jenks Riverside,jenks riverside,location,Fitness Together,Tulsa,9708 Riverside Pkwy Ste D,9708 Riverside Pkwy Ste D,,,,,
Bluebird Care,Bluebird Care Epsom & Kingston,epsom kingston,location,Bluebird Care,Epsom,1 Blenheim Road,"Unit E Blenheim House, 1 Blenheim Road",,,,,
Cella Café,Cella Café Bar & Restaurant,bar restaurant,business_type,Cella Café Bar & Restaurant,Bad Zell,"Kurhotel Bad Zell, Kurhausstraße 9","Kurhausstraße 9, Bad Zell",Cella Café Bar & Restaurant,longer,yes,"Brand website, Google Maps",
Hotel Olimpia,Hotel Olimpia  Silvi Marina TE,silvi marina te,location,Hotel Olimpia,Silvi,"Via Giovanni Pascoli, 16",Via Giovanni Pascoli 18,,,,,
San Jose Airport,San Jose Airport - DUP DO NOT USE,dup do not use,noise,San Jose Airport,San Jose,1701 Airport Blvd,Airport Blvd.,San Jose Airport,shorter,yes,,"Notable example, good example"
Blue Rhino,Blue Rhino Propane Exchange,propane exchange,business_type,Blue Rhino Propane Exchange,Unityville,11831 State Route 118,11831 Rt 118 Hwy # PO,Blue Rhino,shorter,no,,Check w/ Sri
Tiger Rock Martial Arts,Tiger Rock Martial Arts of Lawrenceville,of lawrenceville,location,Tiger Rock Martial Arts,Lawrenceville,1404 Lawrenceville Suwanee Rd,1404 Lawrenceville Suwanee Rd Ste 104,Tiger Rock Martial Arts,shorter,yes,Brand website,"Check w/ Sri, not Google Maps"
City Center,City Center Bosque Esmeralda,bosque esmeralda,location,City Center,Atizapán de Zaragoza,Calle Bosque Esmeralda 2,Bosques de Arrayán 1 Mza. 5,,,,,
Black Mamba Barber Shop & Tatto,Black Mamba Barbershop & Tattoo | Nezahualcóyotl,black mamba barbershop tattoo nezahualcoyotl,business_type,Black Mamba Barbershop & Tattoo | Nezahualcóyotl,Nezahualcóyotl,Avenida Central 117,Av. Central #117 local B,,,,,
Studio D,Studio D Espaço de Beleza,espaco de beleza,business_type,Studio D Espaço de Beleza,Goiânia,"Avenida Albert Einstein Quadra 10, 13",Avenida Albert Eintein Qd 13 Lt 21,,,,,
Residence Malcesine,RESIDENCE MALCESINE Active & Family,active family,business_type,RESIDENCE MALCESINE Active & Family,Malcesine,"Via Navene Vecchia, 135","Via Navene Vecchia, 135",,,,,
Studio Odontoiatrico Borgioli Dr. Andrea,Studio Odontoiatrico Borgioli Dr. Andrea Medico Chirurgo,medico chirurgo,noise,Studio Odontoiatrico Borgioli Dr. Andrea,Carrara,"Piazza Gino Menconi, 13","Piazza G. Menconi, 13",,,,,
Maison du Parc,Maison du Parc de Themericourt,de themericourt,location,Maison du Parc,,rue du Fléau des Mers,Rue du Fléau des Mers,,,,,
Cookie Cutters Haircuts for Kids,Cookie Cutters Haircuts for Kids - Beverly Hills,beverly hills,location,Cookie Cutters Haircuts for Kids,Beverly Hills,266 S Beverly Dr,266 S Beverly Dr,Cookie Cutters Haircuts for Kids,shorter,yes,,Check w/ Sri
Raising Cane's,Raising Cane's Chicken Fingers,chicken fingers,business_type,Raising Cane's Chicken Fingers,Florence,8020 Burlington Pike,8020 Burlington Pike,Raising Cane's Chicken Fingers,longer,yes,"Brand website, Google Maps, Yelp","Notable example, good example"
Prestige de Menton,Prestige de Menton - Eau de Menton,eau de menton,disambiguation,Prestige de Menton,Menton,19 Rue Saint-Michel,"19, Rue Saint Michel",,,,,
Maria Bonita,"Maria Bonita, Maria del Alma",maria del alma,disambiguation,Maria Bonita,Mar del Plata,Alvarado 2085,Alvarado 2085,,,,,
Colourfence Garden Fencing,ColourFence Garden Fencing - Isle Of Wight,isle of wight,location,Colourfence Garden Fencing,Godshill,"Bridgecourt House, Whitwell Road","Bridgecourt House, Whitwell Road, Godshill",,,,,
Miller's Ale House,Miller's Ale House - Tampa Airport,tampa airport,disambiguation,Miller's Ale House,Tampa,"3860 West Columbus Drive, Tampa Airport",3860 W Columbus Dr,,,,,
Zahnärzte in der F16,ZAHNÄRZTE in der f16 ZAHNGESUNDHEIT,zahngesundheit,business_type,ZAHNÄRZTE in der f16 ZAHNGESUNDHEIT,Neu-Ulm,Filchnerstraße 16,Filchnerstr. 16,,,,,
CHI Saint Joseph Medical Group,CHI Saint Joseph Medical Group - Primary Care,primary care,disambiguation,CHI Saint Joseph Medical Group,Lexington,211 Fountain Ct,211 Fountain Ct Ste 340,,,,,
Black Bear Lodge,Black Bear Lodge at Deer Valley,at deer valley,location,Black Bear Lodge,Park City,7447 Royal St,7447 Royal St E Unit 251,Black Bear Lodge,shorter,yes,"Brand website, Google Maps",
Culligan Water Conditioning,"Culligan Water Conditioning of Sturgis, MI",of sturgis mi,disambiguation,Culligan Water Conditioning,Sturgis,26341 Us Highway 12,26341 US Highway 12,Culligan Water Conditioning,shorter,yes,,Check w/ Sri
LOOKING GLASS,Looking Glass Beachfront Inn,beachfront inn,business_type,Looking Glass Beachfront Inn,Grand Haven,1100 S Harbor Dr,1100 S Harbor Dr,Looking Glass Beachfront Inn,longer,yes,"Brand website, Google Maps",
Wayne Cooley - COUNTRY Financial,Wayne Cooley - COUNTRY Financial representative,representative,disambiguation,Wayne Cooley - COUNTRY Financial,Canby,380 NW 1st Ave,380 NW 1st Ave,,,,,
Fox Trail Memory Care Living,Fox Trail Memory Care Living at South River,at south river,location,Fox Trail Memory Care Living,South River,69 Burton Ave,69 Burton Ave,,,,,
JE Carriers,JE Carriers Auto Transport,auto transport,business_type,JE Carriers Auto Transport,Raleigh,6320 Capital Blvd,6320 Capital Blvd,,,,,
West Herr Cadillac,West Herr Cadillac of East Aurora,of east aurora,location,West Herr Cadillac,East Aurora,535 Main St,535 Main St,West Herr Cadillac,shorter,yes,"Brand website, Google Maps",
Code Ninjas,Code Ninjas Virginia Beach,virginia beach,location,Code Ninjas,Virginia Beach,3300 Princess Anne Rd,3300 Princess Anne Rd Ste 739,Code Ninjas,shorter,yes,Google Maps,Check w/ Sri
Roper St. Francis Physician Partners,Roper St. Francis Physician Partners - Primary Care,primary care,disambiguation,Roper St. Francis Physician Partners,North Charleston,5133 Rivers Ave,5133 Rivers Ave,,,,,
Family Practice Associates of Orange Park,Family Practice Associates of Orange Park Fleming Island,fleming island,disambiguation,Family Practice Associates of Orange Park,Fleming Island,4711 US Highway 17,4689 US Highway 17 Ste 14,,,,,
Dias Park,Dias Park Estacionamento,estacionamento,business_type,Dias Park Estacionamento,Santo André,"Rua Guilherme Marconi, 149","Rua Guilherme Marconi, 149",,,,,
Esfiha Chic,Esfiha Chic - Vila Arcádia,vila arcadia,location,Esfiha Chic,São Paulo,"Avenida General Edgard Facó, 2002","Av. Gal. Edgard Faccó, 2002",,,,,
Igreja Batista Vale de Bênção,Igreja Batista Vale De Benção - Águas Claras,aguas claras,location,Igreja Batista Vale de Bênção,Taguatinga,"Av. Vereda da Cruz, Lt. 17","Av. Vereda da Cruz, Lt. 17",,,,,
Bed Bath N Table,Bed Bath N' Table Winston Hills,winston hills,location,Bed Bath N Table,Sydney,56 Caroline Chisholm Dr,"Shop 56 Winston Hills Mall (Shop 56), Caroline Chisholm Drive",Bed Bath N Table,shorter,yes,,Check w/ Sri
See's Candies,See's Candies Chocolate Shop,chocolate shop,business_type,See's Candies Chocolate Shop,Jurupa Valley,"6205 Pats Ranch Road, Unit Ste G","6461 Pats Ranch Road, Vernola Marketplace",See's Candies,shorter,no,Google Maps,"Check w/ Sri, hard-coded base place type names as catch all"
Planet Fitness,"Planet Fitness - Manassas, VA",manassas va,location,Planet Fitness,Manassas,7680 Stream Walk Ln,7680 Stream Walk Ln,,,,,
Marshalls plc (Marshalls Mono Ltd.),Marshalls plc (Marshalls Mono Ltd.) Sittingbourne,sittingbourne,disambiguation,Marshalls plc (Marshalls Mono Ltd.),Sittingbourne,Castle Road,Castle Road,,,,,
Easton Town Center,Easton Town Center Columbus Ohio,columbus ohio,location,Easton Town Center,Columbus,,160 Easton Town Ctr,,,,,
Kumon Math and Reading Center,Kumon Math and Reading Center of Royersford,of royersford,location,Kumon Math and Reading Center,Limerick Twp,329 10th Ave,329 10TH Ave Ste #135,,,,,
Virtual Sting,Virtual Sting Richmond Hill,richmond hill,location,Virtual Sting,Richmond Hill,9737 Yonge St. #204,"9737 Yonge street, #204",,,,,
JOE & THE JUICE,JOE & THE JUICE - Schifflände,schifflande,disambiguation,JOE & THE JUICE,Zürich,Schifflände 26,Schifflände 26,JOE & THE JUICE,shorter,yes,,"Check w/ Sri, not Google Maps"
Red Wing,"Red Wing - Roswell, GA",roswell ga,location,Red Wing,Roswell,875 Mansell Rd B1,875 Mansell Rd Ste B1,Red Wing,shorter,yes,,"Check w/ Sri, not Google Maps"
Monkey Puzzle Day Nursery,Monkey Puzzle Day Nursery West Norwood,west norwood,location,Monkey Puzzle Day Nursery,London,445 Norwood Road,445 Norwood Road,Monkey Puzzle Day Nursery,shorter,yes,,Check w/ Sri
Boost Mobile,Boost Mobile Local Moline,local moline,location,Boost Mobile,Moline,1998 1st Street A,1998 1st St,,,,,
Village Medical,Village Medical at Walgreens,at walgreens,disambiguation,Village Medical,Cypress,14317 Cypress Rosehill Rd,14317 Cypress Rosehill Rd,,,,,
APEC Hospital de la Ceguera,Apec Hospital De La Ceguera Azcapotzalco,azcapotzalco,location,APEC Hospital de la Ceguera,,Av. Azcapotzalco 552,Manuel Acuña 3,,,,,
First National Bank,First National Bank - Pottsville,pottsville,location,First National Bank,Pottsville,396 S Centre St,396 S Centre St,First National Bank,shorter,yes,"Brand website, Google Maps",Check w/ Sri
Heartland Mortgage Inc - Bobbie Jo Haggard,"Heartland Mortgage Inc. / Bobbie Jo Haggard, NMLS 92472",nmls 92472,noise,Heartland Mortgage Inc - Bobbie Jo Haggard,Walla Walla,30 S Palouse St,30 S Palouse St,,,,,
"Eric Cohen, MD","Eric Cohen, MD - ENT Doctor",ent doctor,disambiguation,"Eric Cohen, MD",New York,620 Columbus Ave 2nd Fl,620 Columbus Ave 2nd Fl,"Eric Cohen, MD - ENT Doctor",longer,no,Google Maps,"Check w/ Sri, hard-coded, format?"
Kip McGrath,Kip McGrath Hammersmith,hammersmith,location,Kip McGrath,London,165 King Street,165 King St 1st Floor,Kip McGrath Hammersmith,longer,no,,"Notable example, good example, Hammersmith is not location!"
Gary Ritter Violin,Gary Ritter Violin Viola Cello,viola cello,business_type,Gary Ritter Violin Viola Cello,Northfield Twp,2525 7 Mile Rd,2525 7 Mile Rd,Gary Ritter Violin Viola Cello,longer,yes,Google Maps,
Home Instead,Home Instead Senior Care,senior care,business_type,Home Instead Senior Care,Moorpark,6593 Collins Dr,6593 Collins Dr Ste D-10,Home Instead,shorter,no,"Brand website, Google Maps",
Waterbury Career Academy,Waterbury Career Academy High School,high school,business_type,Waterbury Career Academy High School,Waterbury,175 Birch St,,Waterbury Career Academy,shorter,no,"Brand website, Google Maps","Check w/ Sri, hard-coded place types"
Jax Kar Wash,Jax Kar Wash - Royal Oak,royal oak,location,Jax Kar Wash,Royal Oak,27054 Woodward Ave,27054 Woodward Ave,Jax Kar Wash,shorter,yes,Brand website,"Check w/ Sri, not Google Maps"
American Legion,American Legion NY Post 381,ny post 381,disambiguation,American Legion,Niagara Falls,923 Niagara Ave,923 Niagara Ave,,,,,
KIDZ Pediatric Gastroenterology,KIDZ Pediatric Gastroenterology & Nutrition,nutrition,business_type,KIDZ Pediatric Gastroenterology & Nutrition,Hollywood,3800 Johnson St Ste J,3800 Johnson St Ste J,KIDZ Pediatric Gastroenterology,shorter,no,"Brand website, Google Maps",
Casa de la Cultura,Casa de la Cultura Zapotlanejo,zapotlanejo,location,Casa de la Cultura,,Porfirio Díaz 40,Porfirio Díaz,Casa de la Cultura,shorter,yes,"Brand website, Google Maps",
El Marlin,El marlin isla ixtapa,isla ixtapa,location,El Marlin,,,,El Marlin,shorter,yes,,Longer one doesn't exist
Hotel Farol,Hotel Farol - Mosqueiro,mosqueiro,location,Hotel Farol,Belém,"Pç. Princesa Izabel, 3295","Pç. Princesa Izabel, 3295",,,,,
Combat Club,Combat Club - São Paulo,sao paulo,disambiguation,Combat Club,São Paulo,"Rua Brigadeiro Galvão, 854","Rua Brigadeiro Galvão, 454",,,,,
West Coast Hifi,West Coast Hi-Fi Rockingham,rockingham,location,West Coast Hifi,Rockingham,4-6 Commodore Dr,4/4 Cessnock Way,,,,,
Uptown Cheapskate,Uptown Cheapskate Johns Creek,johns creek,location,Uptown Cheapskate,Johns Creek,5900 State Bridge Rd Ste A1,5900 State Bridge Rd Ste A1,,,,,
Norfolk Royale Hotel,Norfolk Royale Hotel Bournemouth,bournemouth,location,Norfolk Royale Hotel,Bournemouth,Richmond Hill,Richmond Hill,,,,,
Giant Eagle,Giant Eagle Supermarket,supermarket,business_type,Giant Eagle Supermarket,Finleyville,3701 State Route 88,3701 State Route 88,Giant Eagle Supermarket,longer,yes,,
Giant Eagle,Giant Eagle Supermarket,supermarket,business_type,Giant Eagle Supermarket,Pittsburgh,9805 Mcknight Rd,9805 Mcknight Rd,Giant Eagle Supermarket,longer,yes,,
Giant Eagle,Giant Eagle Supermarket,supermarket,business_type,Giant Eagle Supermarket,Finleyville,3701 State Route 88,3701 State Route 88,Giant Eagle Supermarket,longer,yes,,
Giant Eagle,Giant Eagle Supermarket,supermarket,business_type,Giant Eagle Supermarket,Pittsburgh,9805 Mcknight Rd,9805 Mcknight Rd,Giant Eagle Supermarket,longer,yes,,
St Michaels Church of England Infant School,St Michael's Church of England Infant School Maidstone,maidstone,location,St Michaels Church of England Infant School,,Douglas Rd,Douglas Rd,,,,,
Innovent GmbH,Innovent GmbH Greifswald,greifswald,location,Innovent GmbH,Greifswald,Baustraße 32,Baustr. 32,,,,,
Victoria coiffure,Victoria Coiffure Florissant,florissant,location,Victoria coiffure,Genève,Route de Florissant 62,Route de Florissant 62,Victoria coiffure,shorter,yes,,Check w/ Sri
Hollyhock Hill,Hollyhock Hill Restaurant,restaurant,business_type,Hollyhock Hill Restaurant,Indianapolis,8110 N College Ave,8110 N College Ave,Hollyhock Hill,shorter,no,,Check w/ Sri
En-spire Nutrition,En-spire Nutrition Centennial,centennial,location,En-spire Nutrition,Centennial,8168 S Holly St,8168 S Holly St Ste B,,,,,
Clarkston High School,Clarkston High School Natatorium,natatorium,business_type,Clarkston High School Natatorium,Clarkston,6093 Flemings Lake Rd,6093 Fleming Lake Rd,Clarkston High School Natatorium,longer,yes,,Check w/ Sri
The Breakwater,The Breakwater Apartments,apartments,business_type,The Breakwater Apartments,Huntington Beach,16761 Viewpoint Ln,16761 Viewpoint Ln,,,,,
Presto! ATM,Presto! ATM at Publix®,at publix,disambiguation,Presto! ATM,Lakeland,1617 US Hwy 98 S,1617 Bartow Rd,,,,,
AdventHealth Medical Group Primary Care,AdventHealth Medical Group Primary Care at Brandon,at brandon,location,AdventHealth Medical Group Primary Care,Brandon,428 W Brandon Blvd,428 W Brandon Blvd,,,,,
Doctors Care,Doctors Care - Bluffton,bluffton,location,Doctors Care,Bluffton,64 Bluffton Rd,64 Bluffton Rd,,,,,
United Promotions Inc,United Promotions Inc. Photo Lab,photo lab,business_type,United Promotions Inc. Photo Lab,Charlotte,433 Lawton Rd,433 Lawton Rd,,,,,
Mint House Greenville,Mint House Greenville - West End,west end,location,Mint House Greenville,Greenville,366 Field St,366 Field St,,,,,
Circo Rolex,Circo Rolex los Mochis,los mochis,location,Circo Rolex,,,,,,,,
Florería Rosa Pastel,Florería Rosa Pastel P. Peñasco,p penasco,location,Florería Rosa Pastel,Puerto Peñasco,"Calle Constitución, De la Reforma,",avenida Constitución,,,,,
Suspensiones México,Suspensiones México Semi Nuevo,semi nuevo,business_type,Suspensiones México Semi Nuevo,Puebla,Avenida Reforma Sur 2512,Av. Reforma,,,,,
Servicio Condesa de Zacatecas,Servicio Condesa de Zacatecas Est. 13915,est 13915,noise,Servicio Condesa de Zacatecas,Tlalnepantla de Baz,Avenida Santa Rosa 3,Av. Santa Rosa 1,,,,,
PT. Bayu Maritim Berkah,PT. Bayu Maritim Berkah - Offshore,offshore,business_type,PT. Bayu Maritim Berkah - Offshore,Jakarta,"21, Jalan Tambak",Jalan Tambak No. 21A-B,,,,,
Recolast Ambiental,Recolast Ambiental Engenharia,engenharia,business_type,Recolast Ambiental Engenharia,Guarulhos,"Rua São Paulo de Oliveira, 587","Rua do Gaivota Preta, 201",,,,,
The Fairways at San Marcos,The Fairways at San Marcos Apartments,apartments,business_type,The Fairways at San Marcos Apartments,Chandler,777 W Chandler Blvd,777 W Chandler Blvd,,,,,
Abbington Landing,Abbington Landing Apartments,apartments,business_type,Abbington Landing Apartments,Newport News,961 Marcus Dr,961 Marcus Dr,,,,,
Mail Boxes Etc,Mail Boxes Etc. Greenwich,greenwich,location,Mail Boxes Etc,London,151 Trafalgar Rd,151 Trafalgar Rd,,,,,
Elk River Medical,Elk River Medical Associates,associates,business_type,Elk River Medical Associates,Banner Elk,150 Park Ave,150 Park Ave,,,,,
Fossil Store,"Fossil Store, Markville",markville,location,Fossil Store,Markham,5000 Highway 7 East,"5000 Highway 7 East, #2125",,,,,
Työväen Akatemia,Työväen Akatemian kirjasto,n kirjasto,business_type,Työväen Akatemian kirjasto,Kauniainen,Vanha Turuntie 14,Vanha Turuntie 14,,,,,
le buzz,Le Buzz Sportsbar,sportsbar,business_type,Le Buzz Sportsbar,Calais,45 Rue Royale,45 rue Royale,,,,,
Auto Klinika d.o.o.,Auto Klinika doo Arandjelovac,arandjelovac,location,Auto Klinika d.o.o.,Aranđelovac,Vozda Karadjordja 97,Улица Вожда Карађорђа 97,,,,,
Die Goldschmiede,"Die Goldschmiede, Kaufmann",kaufmann,disambiguation,Die Goldschmiede,Lübbecke,Scharrnstraße 4,Lange Str. 31,,,,,
Möbel Martin,Möbel Martin GmbH & Co,gmbh co,noise,Möbel Martin,Bexbach,Gewerbering 1,Gewerbering 0,,,,,
Ewald Scheler,Ewald Scheler Bohrfirma,bohrfirma,business_type,Ewald Scheler Bohrfirma,Coburg,Pommernstr. 6,Pommernstr.  6,,,,,
CSL Plasma,CSL Plasma Frankfurt,frankfurt,location,CSL Plasma,Frankfurt am Main,Stiftstraße 9,Stiftstraße 9-17,CSL Plasma,shorter,yes,Brand website,"Check w/ Sri, not Facebook"
American Printing,American Printing Unlimited,unlimited,disambiguation,American Printing,Easton,201 Northampton St,102 Northampton Street,,,,,
Charleston Civic Center,Charleston Civic Center Ice Arena,ice arena,business_type,Charleston Civic Center Ice Arena,Charleston,200 Civic Center Dr,200 Civic Center Dr,,,,,
POLE DANCE AVEC MOI,Pole Dance avec Moi Marseille,marseille,location,POLE DANCE AVEC MOI,Marseille,207 Route des Trois Lucs à la Valentine,207 Route des Trois Lucs à la Valentine,,,,,
Andy Allain - Thrivent,Andy Allain - Thrivent Financial,financial,business_type,Andy Allain - Thrivent Financial,Slidell,2594 Front St,2594 Front St,,,,,
Austin Lone Star,Austin Lone Star RV Resort,rv resort,business_type,Austin Lone Star RV Resort,Austin,7009 S Interstate 35,7009 S I-35,,,,,
Vape Haus,Vape Haus Queretaro,queretaro,location,Vape Haus,Santiago de Querétaro,Calle Salvador Galván 47,Salvador Galván 20,,,,,
La gran carpa,La Gran Carpa del Chavo,del chavo,disambiguation,La gran carpa,,,,,,,,
Sai Ram Tiffins,Sai Ram Tiffins and Meals,and meals,business_type,Sai Ram Tiffins and Meals,,Vittal Rao Nagar Road,Vittal Rao Nagar Road,,,,,
Sulminas Viagens,Sulminas Viagens e Turismo,e turismo,business_type,Sulminas Viagens e Turismo,Poços de Caldas,"Rua Rio Grande do Sul, 1006",Junqueiras 550,,,,,
Floripa Sucos,Floripa Sucos e Lanches,e lanches,business_type,Floripa Sucos e Lanches,Florianópolis,"Rua Jerônimo Coelho, 90",Rua Deodoro,,,,,
Master Mechanic,Master Mechanic Pickering,pickering,location,Master Mechanic,Pickering,1211 Kingston Road,1211 Kingston Road,,,,,
Nurse Next Door Senior Home Care Services,Nurse Next Door Senior Home Care Services - Calgary,calgary,location,Nurse Next Door Senior Home Care Services,Calgary,"4411 6 Street Southeast, #180",180 4411 6 Street SE,Nurse Next Door Senior Home Care Services,shorter,yes,"Brand website, Google Maps",Check w/ Sri
Learn And Play Montessori School,Learn and Play Montessori School - Peralta,peralta,location,Learn And Play Montessori School,Fremont,4511 Peralta Blvd,4511 Peralta Blvd,Learn And Play Montessori School,shorter,yes,"Brand website, Google Maps",Check w/ Sri
Leonora Rose,Leonora Rose Florists,florists,business_type,Leonora Rose Florists,Leeds,31a Oldfield Lane,"Within Asda, Oldfield Lane",Leonora Rose,shorter,no,"Brand website, Google Maps","Check w/ Sri, another hard-coded place type?"
Management Factory Corporate Advisory GmbH,Management Factory Corporate Advisory GmbH - Valtus,valtus,disambiguation,Management Factory Corporate Advisory GmbH,Wien,Lothringerstraße 14 / 4. Stock,Lothringerstraße 14 / 4. Stock,,,,,
Poradnia Medycyny Pracy,"Poradnia Medycyny Pracy ""Jeżyce""",jezyce,location,Poradnia Medycyny Pracy,Poznań,ulica Juliusza Słowackiego 43,Słowackiego 43,,,,,
Parrocchia San Francesco di Paola,"Parrocchia San Francesco di Paola ""SanFra""",sanfra,noise,Parrocchia San Francesco di Paola,Civitavecchia,"Via San Francesco di Paola, 15","Via Santa Barbara, 3-5",,,,,
Mary Print,Mary Print Sardegna,sardegna,location,Mary Print,,"Via Dei Gerani, SNC",Via dei Gerani,,,,,
En Vogue,EN VOGUE Coiffure,coiffure,business_type,EN VOGUE Coiffure,Zürich,Bahnhofstrasse 35,Bahnhofstr.,,,,,
Blake Fulenwider Chevrolet GMC,Blake Fulenwider Chevrolet GMC Eastland,eastland,location,Blake Fulenwider Chevrolet GMC,Eastland,1245 E Main St,1245 E Main St,Blake Fulenwider Chevrolet GMC,shorter,yes,Brand website,"Check w/ Sri, not Google Maps"
Rocky Hill,Rocky Hill Mountain,mountain,noise,Rocky Hill,,Rocky hill drive,Rocky hill drive,Rocky Hill,shorter,yes,Google Maps,"Check w/ Sri, hard-coded place type? Mountain = mountain peak, isn't it business?"
Princeton Radiology,Princeton Radiology - Monroe,monroe,location,Princeton Radiology,Jamesburg,9 Centre Dr,9 Centre Dr,,,,,
Pharmacare Drugs,Pharmacare Drugs Pharmacy,pharmacy,business_type,Pharmacare Drugs Pharmacy,Ypsilanti Twp,6048 Rawsonville Rd,6048 Rawsonville Rd,,,,,
Cerrajeria Lionel,Cerrajería Lionel Centrito,centrito,location,Cerrajeria Lionel,San Pedro Garza García,Calle Río Colorado Oriente 200,Rio Colorado 200,,,,,
Lonches Amparito,Lonches Amparito Tránsito,transito,location,Lonches Amparito,Guadalajara,Calle Félix Fulgencio Palavicini 2254,Félix Palaviccini 2254,,,,,
Colegio Madrid,Colegio Madrid Talleres,talleres,business_type,Colegio Madrid Talleres,Tlalpan,Calle Puente 224,Calle Puente,,,,,
La Riviera,La Riviera Oficinas,oficinas,business_type,La Riviera Oficinas,,,,,,,,
Dairy Queen,Dairy Queen Thailand,thailand,location,Dairy Queen,,,"ชั้น 3, 199,199/1,199/2 หมู่ 6 ตำบลเสาธงหิน อำเภอบางใหญ่",,,,,
Pousada das Flores.,Pousada Das Flores - Roraima,roraima,location,Pousada das Flores.,Boa Vista,"Avenida Via das Flores, 393","Via das Flores, 528",,,,,
Work Medicina Ocupacional,Work Medicina Ocupacional S/C Ltda,sc ltda,noise,Work Medicina Ocupacional,Campinas,"Rua Visconde de Taunay, 335","Rua Tiradentes, 217",,,,,
Virginia Coffee Roastery,Virginia Coffee Roastery & Eatery,eatery,business_type,Virginia Coffee Roastery & Eatery,Durbanville,"Anansi, 25 Church St",Kerk St,,,,,
Elite Picture Framing,Elite Picture Framing Adelaide,adelaide,location,Elite Picture Framing,Adelaide,24 Croydon Rd,32 Croydon Rd,,,,,
Tempe Veterinary,Tempe Veterinary Hospital,hospital,business_type,Tempe Veterinary Hospital,Tempe,329 W Southern Ave,329 W Southern Ave,,,,,
Cascade Shores Townhome,Cascade Shores Townhomes & Flats,s flats,business_type,Cascade Shores Townhomes & Flats,Rochester,222 Grandeville Rd SW,182 Grandeville Rd SW,,,,,
Over The Rainbow,Over the Rainbow Limited,limited,disambiguation,Over The Rainbow,Stockport,39 Compstall Road,39 Compstall Rd,,,,,
Good Morning Children,Good Morning Children Limited,limited,disambiguation,Good Morning Children,Bristol,12 School Walk,12 School Walk,,,,,
Calico Jacks,Calico Jack's Bistro,bistro,business_type,Calico Jack's Bistro,Endingen am Kaiserstuhl,Obere Guldenstraße 13,Obere Guldenstr. 13,,,,,
COINworKs Bitcoin ATM,COINworKs Bitcoin ATM Modesto,modesto,location,COINworKs Bitcoin ATM,Modesto,1200 6th St,1200 6th St,COINworKs Bitcoin ATM,shorter,yes,,Check w/ Sri
Safety Kleen,Safety-Kleen Systems,safetykleen systems,noise,Safety Kleen,North Las Vegas,4582 Donovan Way,4582 Donovan Way,Safety-Kleen Systems,longer,no,"Brand website, Google Maps",
Instyle nails,Instyle Nails and Spa,and spa,business_type,Instyle Nails and Spa,West Hollywood,8539 W Sunset Blvd,Sunset Blvd,Instyle Nails and Spa,longer,yes,"Google Maps, Yelp, Instagram",
Clarkson Eyecare,Clarkson Eyecare Florida,florida,location,Clarkson Eyecare,Riverview,3875 US-301 S,3875 US Highway 301 S Ste 5,Clarkson Eyecare,shorter,yes,"Brand website, Google Maps",Check w/ Sri
Allison Hunt MD,"Allison Hunt, MD, FACOG",facog,noise,Allison Hunt MD,Houston,6550 Fannin St Ste 2221,"6550 Fannin St, Smith Ste 2221",,,,,
Auto Solutions,Auto Solutions Orlando,orlando,location,Auto Solutions,Orlando,1782 Lee Rd,1782 Lee Rd,,,,,
Pollo Feliz,Pollo Feliz Obregón,obregon,location,Pollo Feliz,Ciudad Obregón,Calle California 142,Tabasco e Hidalgo,,,,,
La Azotea,La Azotea Terraza,terraza,business_type,La Azotea Terraza,Tlaxco,Avenida Independencia Nacional 38,Independencia Nacional 13,,,,,
Hamburguesas Al Carbon,Hamburguesas al Carbon Torreon,torreon,location,Hamburguesas Al Carbon,Gustavo A Madero,Avenida Henry Ford 119,Henry Ford 105,,,,,
Iglesia Fe Y Esperanza,Iglesia Fe y Esperanza Pinares,pinares,location,Iglesia Fe Y Esperanza,Pereira,Carrera 17 9-48,Cra 17 # 14-48,,,,,
Instituto Magister de Ensino,Instituto Magister de Ensino Sala 05,sala 05,noise,Instituto Magister de Ensino,Teresina,"Rua Primeiro de Maio, 2236",Rua 1 De Maio,,,,,
Hospital São Domingos,Hospital São Domingos- Exames,exames,disambiguation,Hospital São Domingos,São Luís,"Avenida Jerônimo de Albuquerque, 540",Av Gerônimo de Albuquerque,,,,,
Alimentare - Massas e Congelados,Alimentare Massas e Congelados Especiais,especiais,noise,Alimentare - Massas e Congelados,Cuiabá,"Avenida São Sebastião, 2170","Av. São Sebastião, 2170",,,,,
Ponto Xis,Ponto Xis Lanches,lanches,business_type,Ponto Xis Lanches,Campos Novos,São João Batista,"Rua s João Batista, 163",,,,,
Academia Performance,Academia Performance & Saúde,saude,business_type,Academia Performance & Saúde,São Miguel do Oeste,"Rua Adolfo Konder, 1798",Adolfo Condr,,,,,
Smartphone Solutions,Smartphone Solutions Sunbury,sunbury,location,Smartphone Solutions,Sunbury,90 Vineyard Rd,Shop 2 90 Vineyard road,,,,,
Huffines Kia McKinney,Huffines Kia McKinney Service,service,business_type,Huffines Kia McKinney Service,McKinney,1201 N Central Expressway,1201 N Central Expy,,,,,
El Dorado Hills Sports Club,El Dorado Hills Sports Club and Spa,and spa,business_type,El Dorado Hills Sports Club and Spa,El Dorado Hills,530 Post Ct,530 Post Ct,El Dorado Hills Sports Club and Spa,longer,yes,"Brand website, Google Maps",
Sunrise Financial,Sunrise Financial Service,service,business_type,Sunrise Financial Service,Sarasota,1275 Whitfield Ave,1275 Whitfield Ave,,,,,
Full Steam,Full Steam Tromso,tromso,location,Full Steam,Tromsø,Søndre Tollbodgate 3,3 Søndre Tollbodgate,,,,,
Communauté De Communes De Lacq-orthez,Communauté de communes de Lacq Orthez - CCLO,communaute de communes de lacq orthez cclo,noise,Communauté De Communes De Lacq-orthez,Mourenx,Rond-Point des Chênes - BP73,Rond-Point des Chênes,,,,,
Bythams Community Shop,Bythams Community Shop & Cafe,cafe,business_type,Bythams Community Shop & Cafe,Grantham,42 Station Road,46 Station Rd,,,,,
Momo and Co.,Momo and Co. Design,design,business_type,Momo and Co. Design,London,8a Replingham Road,17 Replingham Rd,,,,,
Economy Fence Center,Economy Fence Center Tacoma,tacoma,location,Economy Fence Center,Tacoma,3304 S 30th St,3304 S 30th St,Economy Fence Center,shorter,yes,Brand website,Check w/ Sri
Right Aid Home Care,Right Aid Home Care Agency,agency,business_type,Right Aid Home Care Agency,Philadelphia,305 S 60th St,305 S 60th St,Right Aid Home Care Agency,longer,yes,"Brand website, Google Maps",
H&R Block,H&R Block Canada,canada,location,H&R Block,Port Hope,105 Peter St,"105 Peter St, #A",H&R Block,shorter,yes,"Brand website, Google Maps",
Uluer Genç Yaşam Merkezi,Uluer Genç Yaşam Merkezi Kuaför,kuafor,business_type,Uluer Genç Yaşam Merkezi Kuaför,,,,,,,,
West Bradenton Baptist,West Bradenton Baptist Church,church,business_type,West Bradenton Baptist Church,Bradenton,1305 43rd St W,4110 14th Ave W,West Bradenton Baptist Church,longer,yes,,
Middleburg High School,Middleburg High School NJROTC,njrotc,disambiguation,Middleburg High School,Middleburg,3750 CR-220,3750 County Road 220,Middleburg High School NJROTC,longer,no,,Check w/ Sri
Centauro Automotriz,Centauro Automotriz Matriz,matriz,disambiguation,Centauro Automotriz,,Avenida Ignacio Vallarta 3700,Av. Américas y Vallarta S/N,,,,,
The Home Depot,The Home Depot México,mexico,location,The Home Depot,Cabo San Lucas,Calle Benito Juárez 75,Carretera Transpeninsular Benito Juarez Km. 6.5 Col,The Home Depot,shorter,yes,,
Tiendas 3B,Tiendas 3B Centro,centro,location,Tiendas 3B,Puebla,Calle 2 Norte 1600,3 Norte,,,,,
Smart Fit,Smart Fit México,mexico,location,Smart Fit,Puebla,Calzada Zavaleta 50,Plazavaleta,,,,,
Dr. Ramón Salgado,Dr. Ramón Salgado Medina,medina,disambiguation,Dr. Ramón Salgado,,Tlacotalpan 59-int 705,Tlacotalpan,,,,,
Instituto Andes,Instituto Andes Tuxtla,tuxtla,location,Instituto Andes,,Cumbres 1,Av. Cumbres 1,,,,,
FIBRA Experts,Fibra Experts - Meet,meet,noise,FIBRA Experts,São Paulo,"Rua Alves Guimarães 1120, 2° andar (Pinheiros)","Rua Alves Guimarães, 1.120, 1120 - Vl Madalena",,,,,
Centro Comunitário,Centro Comunitario Taiaçu,taiacu,location,Centro Comunitário,Taiaçu,"Avenida Bernardo da Fonseca, 390",Av João Bernardo da Fonseca,,,,,
Smiley Mocktail Bar,Smiley Mocktail Bar & Cafe,cafe,business_type,Smiley Mocktail Bar & Cafe,Adelaide,11 Hindmarsh Sq,7/141-159 Rundle Mall,,,,,
Pet Supplies Plus,Pet Supplies Plus Inwood,inwood,location,Pet Supplies Plus,Inwood,561 Burnside Ave,561 Burnside Ave,Pet Supplies Plus,shorter,yes,,Check w/ Sri
Expressions Floral Design,Expressions Floral Design Studio,studio,business_type,Expressions Floral Design Studio,Columbus,1247 N Hamilton Rd,1247 N Hamilton Rd,,,,,
Svensk Fastighetsförmedling,Svensk Fastighetsförmedling Eslöv,eslov,location,Svensk Fastighetsförmedling,Eslöv,Västergatan 5,Stora Torg 8,,,,,
Forst und Garten,Forst und Garten Diehl,diehl,disambiguation,Forst und Garten,Wilnsdorf,Freier Grunder Straße 117,Freier Grunder Str. 117,,,,,
Praxis für Logopädie und Lerntherapie,Praxis für Logopädie und Lerntherapie B & B,b b,business_type,Praxis für Logopädie und Lerntherapie B & B,Emmerich am Rhein,Frankenstraße 21,Frankenstr. 23,,,,,
Pro Car Wash South,Pro Car Wash South/North,north,noise,Pro Car Wash South,Smithville,300 Park Dr,,Pro Car Wash South,longer,yes,"Brand website, Google Maps",
Kyle Citty,"Kyle Citty, M.D.",md,noise,Kyle Citty,Searcy,2900 Hawkins Dr,2900 Hawkins Dr,"Kyle Citty, M.D.",longer,no,,"Check w/ Sri, hard-coded"
English Rows Dental,English Rows Dental Group,group,business_type,English Rows Dental Group,Naperville,3027 English Rows Ave,3027 English Row Ave,,,,,
Fantastic Nails,Fantastic Nails & Spa,spa,business_type,Fantastic Nails & Spa,Westminster,5706 W 88th Ave,,,,,,
Murphy USA,Murphy USA #6583,6583,disambiguation,Murphy USA,Paris,3805 Lamar Ave,3805 Lamar Ave,,,,,
Juris Law Group,"Juris Law Group, P.C.",pc,disambiguation,Juris Law Group,Century City,"10215 Santa Monica Blvd., Ste 2",10215 Santa Monica Blvd Ste 2,,,,,
Junior Bruins Hockey,Junior Bruins Hockey Camps,camps,business_type,Junior Bruins Hockey Camps,Marlborough,121 Donald Lynch Blvd,121 Donald Lynch Blvd,,,,,
Snap Fitness,Snap Fitness Joppa,joppa,location,Snap Fitness,Joppa,413 Pulaski Hwy,413 Pulaski Hwy,,,,,
Hamilton Ruritan Club,Hamilton Ruritan Club #1646,1646,disambiguation,Hamilton Ruritan Club,Chambersburg,4565 Edenville Rd,4498 Edenville Rd,,,,,
Sports Experts,Sports Experts Magog,magog,location,Sports Experts,Magog,346 Rue Principale O,346 Rue Principale Ouest,Sports Experts,shorter,yes,"Brand website, Google Maps",
Industria Pizzeria,Industria Pizzeria + Bar,bar,business_type,Industria Pizzeria + Bar,Blainville,1323 Boulevard Michèle-Bohec,1323 Blvd Michèle-Bohec,Industria Pizzeria + Bar,longer,yes,"Brand website, Google Maps",
Les Hospitaliers,Les Hospitaliers Hotel,hotel,business_type,Les Hospitaliers Hotel,Le Poët-Laval,95 Rue Neuve,La Garenne et la Loze,Les Hospitaliers Hotel,longer,yes,"Brand website, Google Maps",
Bahama Bay Resort,Bahama Bay Resort & Spa,spa,business_type,Bahama Bay Resort & Spa,Davenport,304 Rum Run,400 Gran Bahama Blvd,,,,,
Batteries Plus,Batteries Plus Bulbs,bulbs,business_type,Batteries Plus Bulbs,Weaverville,61 Weaver Blvd,61 Weaver Blvd Ste 115,,,,,
Southland Casino,Southland Casino Hotel,hotel,business_type,Southland Casino Hotel,West Memphis,1550 Ingram Blvd,1550 Ingram Blvd,Southland Casino Hotel,longer,yes,"Brand website, Google Maps",
Clifton And Lewis Insurance,Clifton and Lewis Insurance Group,group,disambiguation,Clifton And Lewis Insurance,Zephyrhills,38232 5th Ave,38232 5th Ave,,,,,Check w/ Sri
Royce Rolls,Royce Rolls Cafe,cafe,business_type,Royce Rolls Cafe,,"St Nicholas Market, Wine St",St Nicholas Market,Royce Rolls Cafe,longer,yes,"Brand website, Google Maps",
Olina Küchen,olina-Küchen Linz,olinakuchen linz,location,Olina Küchen,,Freistädter Str. 400,Freistädter Straße 400,,,,,
The UPS Store,The UPS Store 6285,6285,disambiguation,The UPS Store,Indianapolis,1389 W 86th St,1389 W 86th St,The UPS Store,shorter,yes,,
Just Law,Just Law Utah,utah,location,Just Law,Salt Lake City,2040 E 3300 S Ste 3,2040 E 3300 S Ste 3,Just Law,shorter,yes,,Check w/ Sri
University of Minnesota Medical Center,University of Minnesota Medical Center NICU,nicu,disambiguation,University of Minnesota Medical Center,Minneapolis,2450 Riverside Ave,2450 Riverside Ave,University of Minnesota Medical Center,shorter,yes,Google Maps,
The UPS Store,The UPS Store 7313,7313,disambiguation,The UPS Store,Bakersfield,136 Allen Rd,"136 Allen Rd, Ste 100",The UPS Store,shorter,yes,,
Marathon Gas,Marathon Gas & DQ,dq,disambiguation,Marathon Gas,,2351 N Centerville Rd,I-70 Centerville,Marathon Gas,shorter,yes,,Check w/ Sri
Water Valley Housing Auth,Water Valley Housing Authority,ority,noise,Water Valley Housing Auth,Water Valley,232 Blackmur Dr,300 Blackmur Dr,Water Valley Housing Authority,longer,no,,Need to add a rule for this? check w/ sri
Tammy Medlin,"Tammy Medlin, FNP",fnp,disambiguation,Tammy Medlin,Lady's Island,"97 Sea Island Pkwy., Ste 203",97 Sea Island Pkwy Ste 203,"Tammy Medlin, FNP",longer,no,,"FNP legal entity, check w/ Sri, should be in hard-coded"
Spectron Desarrollo,Spectron Desarrollo S.C.,sc,noise,Spectron Desarrollo,Miguel Hidalgo,Bosque de Duraznos 127,Paseo De Duraznos 127 Piso 4,Spectron Desarrollo S.C.,longer,no,,"S.C. legal entity, check w/ Sri, should be in hard-coded"
Vighna Bamboo Briyani,Vighna Bamboo Briyani - JB,jb,location,Vighna Bamboo Briyani,Johor Bahru,10 Jalan Pertama,11 jalan pertama 5,Vighna Bamboo Briyani,shorter,yes,Google Maps,"Notable example, good example"
Bonanza Cafe,Bonanza Cafe&Rest,rest,disambiguation,Bonanza Cafe,Bondowoso,"Jl. Pancur, Sumpilan Utara, Lumutan, Kec. Botolinggo, Kabupaten Bondowoso","Jl. Pancur, Sumpelan Utara, Lumutan, Kec. Prajekan, Kabupaten Bondowoso, Jawa Timur",,,,,
Wells Fargo,Wells Fargo Bank,bank,business_type,Wells Fargo Bank,Wichita Falls,2301 Kell Blvd,2301 Kell Blvd,Wells Fargo Bank,longer,yes,,
Villa Sofia,Villa Sofia b&b,bb,business_type,Villa Sofia b&b,L'Aquila,"Via Nocelle, 101",Via Nocelle 116,Villa Sofia b&b,longer,yes,Google Maps,"Notable example, good example, check w/ Sri, not Brand Website"
Smoker Friendly Discount Tobacco,Smoker Friendly Discount Tobacco #27,27,disambiguation,Smoker Friendly Discount Tobacco,Terre Haute,2501 S 3rd St,,Smoker Friendly Discount Tobacco,shorter,yes,,Check w/ Sri
Colby Dodge Chrysler Jeep,Colby Dodge Chrysler Jeep Ram,ram,business_type,Colby Dodge Chrysler Jeep Ram,Colby,1000 Taylor Ave,1000 Taylor Ave,Colby Dodge Chrysler Jeep Ram,longer,yes,Google Maps,"Notable example, good example"
Survive Alive House,Survive Alive House MFD,mfd,noise,Survive Alive House,Milwaukee,2059 S 20th St,2028 W Vilter Ln,Survive Alive House,shorter,yes,,
Kaiser Permanente,Kaiser Permanente DME,dme,noise,Kaiser Permanente,Walnut Creek,2880 Shadelands Dr,2800 Shadelands Dr,Kaiser Permanente,shorter,yes,,
Wing Sing,Wing Sing Bar,bar,business_type,Wing Sing Bar,Philomath,658 Main St,,Wing Sing Bar,longer,yes,,Check w/ Sri
Tractor Supply,Tractor Supply Co.,co,noise,Tractor Supply,Covington,1884 N Collins Blvd,1884 N Collins Blvd,Tractor Supply Co.,longer,no,Google Maps,"Check w/ Sri, hard-coded?"
Dothan Nails,Dothan Nails Spa,spa,business_type,Dothan Nails Spa,Dothan,3341 S Oates St,3341 S Oates St Ste 104,Dothan Nails Spa,longer,yes,Google Maps,
Oh My Goodness,Oh My Goodness OMG,omg,disambiguation,Oh My Goodness,Cabanatuan City,Del Pilar,,Oh My Goodness,shorter,yes,Google Maps,
Chinese Foot Massage & Body Relax,Chinese Foot Massage & Body Relax Spa,spa,business_type,Chinese Foot Massage & Body Relax Spa,Galesburg,750 N Henderson St,750 N Henderson St,Chinese Foot Massage & Body Relax Spa,longer,yes,,Check w/ Sri
Mail Boxes ETC.,Mail Boxes Etc. UK,uk,location,Mail Boxes ETC.,London,4 Spring Bridge Road,"4 Spring Bridge Road, Ealing",,,,,
La Taquiza de Mario,La Taquiza de Mario #2,2,disambiguation,La Taquiza de Mario,Mexicali,Calzada Aviación 1258,Calz Cuauhtemoc,,,,,Check w/ Sri
Le Salonce,Le salonce #2,2,disambiguation,Le Salonce,Corpus Christi,2701 Ayers St,,,,,,Check w/ Sri
Farmacia Città Satellite,Farmacia Città Satellite 2,2,disambiguation,Farmacia Città Satellite,Catania,"Strada San Teodoro, 113",Stradale San Giorgio 113,,,,,
Praxis für Schmerzmedizin,"Praxis für Schmerzmedizin Dr. Carola Vogel, Privatpraxis (Selbstzahler/Privatversicherte)",dr carola vogel privatpraxis selbstzahlerprivatversicherte,disambiguation,Praxis für Schmerzmedizin,Reinhardshagen,Mündener Str. 70,Mündener Str. 76,,,,,
Schlotzsky's,"Schlotzsky's (Colony Way - Madison, MS)",colony way madison ms,location,Schlotzsky's,Madison,205 Colony Way,205 Colony Way,Schlotzsky's,shorter,yes,,Check w/ Sri
Centre RNPC Avranches,Centre RNPC AVRANCHES (Quentin sur le homme),quentin sur le homme,location,Centre RNPC Avranches,Saint-Quentin-sur-le-Homme,2 Z.A. de Cromel,2 ZA de Cromel,Centre RNPC Avranches,shorter,yes,,Check w/ Sri
ComForCare Home Care,"ComForCare Home Care (Rancho Cucamonga, CA)",rancho cucamonga ca,location,ComForCare Home Care,Upland,600 N Mountain Ave,600 N Mountain Ave Ste B200,ComForCare Home Care,shorter,yes,,Check w/ Sri
PetSmart,PetSmart Folsom (East Bidwell),folsom east bidwell,location,PetSmart,Folsom,2705 E Bidwell St,2705 E Bidwell St,PetSmart,shorter,yes,,Check w/ Sri
PruittHealth,PruittHealth Hospice (Gainesville),hospice gainesville,business_type,PruittHealth Hospice (Gainesville),Gainesville,2545 Flintridge Rd,2545 Flintridge Rd Ste 110,,,,,H3
Atm,ATM (Post Office),post office,disambiguation,Atm,London,"481 Cambridge Heath Road, Bethnel Green",481 Cambridge Heath Rd,,,,,
Atm,ATM (Post Office),post office,disambiguation,Atm,Stourbridge,"157 Bridgnorth Road, Wollaston",157 Bridgnorth Rd,,,,,
Atm,ATM (Post Office),post office,disambiguation,Atm,London,"345 Hertford Road, Lower Edmonton",345 Hertford Rd,,,,,
Atm,ATM (Post Office),post office,disambiguation,Atm,London,"481 Cambridge Heath Road, Bethnel Green",481 Cambridge Heath Rd,,,,,
Atm,ATM (Post Office),post office,disambiguation,Atm,Stourbridge,"157 Bridgnorth Road, Wollaston",157 Bridgnorth Rd,,,,,
Atm,ATM (Post Office),post office,disambiguation,Atm,London,"345 Hertford Road, Lower Edmonton",345 Hertford Rd,,,,,
Atm,ATM (Post Office),post office,disambiguation,Atm,London,"481 Cambridge Heath Road, Bethnel Green",481 Cambridge Heath Rd,,,,,
Atm,ATM (Post Office),post office,disambiguation,Atm,Stourbridge,"157 Bridgnorth Road, Wollaston",157 Bridgnorth Rd,,,,,
Atm,ATM (Post Office),post office,disambiguation,Atm,London,"345 Hertford Road, Lower Edmonton",345 Hertford Rd,,,,,
Liceo Scientifico Isacco Newton,Liceo Scientifico Isacco Newton (succursale),succursale,disambiguation,Liceo Scientifico Isacco Newton,Roma,"Via dell'Olmata, 4",Via Dell'Olmata,Liceo Scientifico Isacco Newton (succursale),longer,no,"Brand website, Google Maps",
Sídliště Libuš,Sídliště Libuš (bus),bus,disambiguation,Sídliště Libuš,,Generála Šišky,Generála Šišky,Sídliště Libuš,shorter,yes,Google Maps,Shouldn't be English
Vitality Integrated Programs,Vitality Integrated Programs (VIP),vip,disambiguation,Vitality Integrated Programs,Elko,215 Bluffs Ave,215 Bluffs Ave Ste s 100,Vitality Integrated Programs,shorter,yes,Brand website,Check with Sri
Brooklyn Basketball Academy,Brooklyn Basketball Academy (BBA),bba,disambiguation,Brooklyn Basketball Academy,New York,1724 Avenue P,162 E 25th St,Brooklyn Basketball Academy,shorter,yes,"Brand website, Google Maps",
Marine Corps Exchange,Marine Corps Exchange (MCX),mcx,disambiguation,Marine Corps Exchange,Port Royal,200 Malecon Dr,178 Malecon Dr,Marine Corps Exchange,shorter,yes,,
Centro de Estaca,Centro de Estaca (SUD),sud,disambiguation,Centro de Estaca,,Jose Mancisidor,Jose Mancisidor,Centro de Estaca,shorter,yes,,
Makmal Kesihatan Awam,Makmal Kesihatan Awam (MKA),mka,disambiguation,Makmal Kesihatan Awam,,Jalan Persiaran Tanjung Tampoi,Jalan Persiaran Tanjung,Makmal Kesihatan Awam,shorter,yes,,
Centro Médico Integrado,Centro Médico Integrado (CMI),cmi,disambiguation,Centro Médico Integrado,Ituiutaba,"Rua Vinte e Quatro, 505",Rua 20 com 5 e 7,Centro Médico Integrado,shorter,yes,,
Liceo De Hombres,Liceo De Hombres (LAM),lam,disambiguation,Liceo De Hombres,,Alameda,Alameda,Liceo De Hombres,shorter,yes,,
CIBC,CIBC Branch (Cash at ATM only),branch cash at atm only,disambiguation,CIBC,Waterloo,315 Lincoln Road,315 Lincoln Rd.,,,,,H3
