id,alt_name,base_name,alt_len,base_len,len_diff_base_minus_alt,alt_word_count,base_word_count,word_diff_base_minus_alt,alt_address,base_address,city,state,alt_category,base_category,alt_confidence,base_confidence
08f29ab980d65aa603c367fa02faef76,"Thyssenkrupp Materials North America, Copper and Brass Sales",Thyssenkrupp Materials 025FRS,60,29,-31,8,3,-5,5450 E Home Ave,5450 E Home Ave,Fresno,CA,metal_supplier,Business and Professional Services > Construction,0.9877528662420382,1.0
08f450a1b2d1300a0300a91979dbc1c8,Citibanamex 30 Av. Playa Del Carmen,Citibank,35,8,-27,6,1,-5,,Av. 30,Playa del Carmen,,bank_credit_union,Business and Professional Services > Financial Service > Banking and Finance > Bank,0.48103896103896104,1.0
08f1e84356611acd0351cc53c2f7a806,Effetto Shock snc,Effetto Shok SNC di Foglietta e Cariani,17,39,22,3,7,4,"Via Giovanni Berchet, 2",Via Giovanni Berchet,Foligno,55,hair_salon,Business and Professional Services > Health and Beauty Service > Hair Salon,0.9645127118644068,1.0
08f1f88b7202396b039421a666dddf20,Klecks Schule der Phantasie,KlecksX,27,7,-20,4,1,-3,Untermarkt 65,Untermarkt 65,Wolfratshausen,,school,Community and Government > Education,0.9837452982267598,1.0
08f484a4810584c0038f725bf7429f09,Ferreteria y Madereria La Familia,Ferreteria y Madereria Renta de Maquinaria la Familia,33,53,20,5,8,3,Coral 2293,Coral 2293,Ensenada,,hardware_store,Retail > Hardware Store,0.9445655559015883,1.0
08f2814cd19080c603f2db3b6aecf642,Plumas Pines VACATION HOMES & RENTALS,Plumas Pines Realty,37,19,-18,6,3,-3,307 Poplar Valley Rd,307 Poplar Valley Rd,Blairsden Graeagle,CA,vacation_rental_agents,Business and Professional Services > Real Estate Service > Real Estate Agency,0.77,1.0
08f2aa879200ab960398d7c665470cf4,Comfort Inn Alexandria West - Landmark,Comfort Inn Landmark,38,20,-18,6,3,-3,6254 Duke St,6254 Duke St,Alexandria,VA,hotel,hotel,0.77,0.77
08f1f9020c252d8d035f6ab8998d7212,B&B Hôtels,B&B Hôtel Lyon Ouest Tassin,10,27,17,2,5,3,5 Avenue Victor Hugo,1 avenue Victor Hugo,Tassin-la-Demi-Lune,,hotel,Travel and Transportation > Lodging > Hotel,0.9837452982267598,1.0
08f3f623a4116d4903fe879fe705b16c,Bitezz,Bitez Mandalina Şenliği,6,23,17,1,3,2,Bitez Belediyesi Eski Kademe,,,,event_planning,event_planning,0.28671328671328666,0.28671328671328666
08f4995b926ea6030351c7cdf039096d,Black Mamba Barbershop & Tattoo | Nezahualcóyotl,Black Mamba Barber Shop & Tatto,48,31,-17,7,6,-1,Avenida Central 117,"Av. Central #117 local B",Nezahualcóyotl,MEX,barber,Business and Professional Services > Health and Beauty Service > Hair Salon,0.9837452982267598,1.0
08f2a306ae16db9e036cf3073e15f52c,Concord Foot & Ankle Center,Concord Feet,27,12,-15,5,2,-3,54 Baker Ave Ste 103,54 Baker Avenue Ext Ste 103,Concord,MA,podiatrist,Landmarks and Outdoors > Structure,0.77,1.0
08f48a207109565603f5020f2b700fe4,"Harmonia Centro Medico, Centro de Cirugía Ambulatoria",Harmonia Centro de Cirugía Ambulatoria,53,38,-15,7,5,-2,Avenida Simón Bolívar 919,Ave. Simón Bolívar 919,Monterrey,,hospital,Health and Medicine > Medical Center,0.9837452982267598,1.0
08f49802310da7460340686ba19db1f2,"San Miguelito Desayunos, Carnes y Mariscos",San Miguelito Restauran Bar,42,27,-15,6,4,-2,Boulevard José María Morelos 148,"Blv. José María Morelos #148",Uriangato,,seafood_restaurant,Dining and Drinking > Restaurant > Seafood Restaurant,0.9837452982267598,1.0
08fa835d5a864a5903509e47f410055d,13º Batalhão de Bombeiros Militar - SC,13º Batalhão de Bombeiro Militar - Balneário Camboriú,38,53,15,7,8,1,"Alameda dos Estados Policial Luiz Carlos Rosa, 25","Alameda dos Estados Policial Luiz Carlos Rosa, 25 - Estados",Balneário Camboriú,SC,fire_department,Community and Government > Government Building > Law Enforcement and Public Safety > Fire Station,0.7927927927927928,1.0
08f182c8da25a6c003fdc90bdaf0dab7,Robert Walters Group,Robert Walters Recruitment Ireland,20,34,14,3,4,1,1 Custom House Quay,"Level 3, Custom House Plaza 2, IFSC, Dublin 1",Dublin,,professional_services,employment_agencies,0.9918379237288135,0.77
08f1909aed2538c603ebfbd517330f80,Arnold Clark Glasgow Vauxhall,Arnold Clark Glasgow Hamilton Road Vauxhall,29,43,14,4,6,2,"55 Hamilton Rd, Mount Vernon","55 Hamilton Rd, Mount Vernon",Glasgow,,automotive,automotive,0.77,0.77
08f194accba9942903aa1e12417025c5,Barclays ATM,Barclays Bank Cash Machine,12,26,14,2,4,2,"Upper Mall, Crawley",Upper Mall,West Sussex,"",atms,Business and Professional Services > Financial Service > Banking and Finance > ATM,0.77,1.0
08f1955b54b2a74c0328fbe52b771e1c,Barclays ATM,Barclays Bank Cash Machine,12,26,14,2,4,2,"Richmond Centre, Munster Barracks, Ava Road, Catterick","Richmond Centre, Munster Barracks, Ava Rd",North Yorkshire,"",atms,Business and Professional Services > Financial Service > Banking and Finance > ATM,0.77,1.0
08f195eb5814168503a03f0497a4ce5c,Barclays ATM,Barclays Bank Cash Machine,12,26,14,2,4,2,"Post Office, 1 Coverdale Road, Craven Arms","Post Office, 1 Coverdale Rd",Shropshire,"",atms,Business and Professional Services > Financial Service > Banking and Finance > ATM,0.77,1.0
08f1e3668bcac02c03dbac87daaf49a4,A.F.K. Automobile GmbH,A.F.K. Autoteile Fachmarkt Kale GmbH,22,36,14,3,5,2,Landshuter Straße 188,Landshuter Straße 188,Straubing,,automotive_repair,Business and Professional Services > Automotive Service > Automotive Repair Shop,0.9645127118644068,1.0
08f498ed66461d6c03d8a6d824918483,Mudanzas y Transportes ARCA,Mudanzas Arca,27,13,-14,4,2,-2,Calle Roca 703,Maestros 802,León,,freight_and_cargo_service,Retail > Furniture and Home Store,0.3941504178272981,1.0
08f3964499484ce203f015cb20e05d1f,Tous en Scène La Bouquerie Condom,Tous en Scène Condom,33,20,-13,6,4,-2,35 Rue de la République,35 rue de la République,Condom,,theatre,Community and Government > Organization > Non-Profit Organization,0.7927927927927928,1.0
08f1eb4d75b70952032fe68b67de3608,Panificio De Mattei,Panificio Saraceno di De Mattei,19,31,12,3,5,2,"Piazza Cristoforo Colombo, 9",Piazza Colombo Cristoforo 9,Sanremo,42,bakery,Dining and Drinking > Bakery,0.9837452982267598,1.0
08f1f10114810808039880fe9ebe7eaa,Kreutzer Taxi,"Kreutzer, Otto Taxidienst",13,25,12,2,3,1,Nienburger Str. 66,Nienburger Str. 66,Rehden,"",taxi_service,Travel and Transportation > Transportation Service > Taxi,0.77,1.0
08f27430d0a8b980030095869e58c225,Mishicot Fire Dept,Mishicot Volunteer Fire Depart,18,30,12,3,4,1,214 S Main St,"214 S Main St # 130",Mishicot,WI,fire_department,Community and Government > Government Building > Law Enforcement and Public Safety > Fire Station,0.9645127118644068,1.0
08f29a4c756c0a6a03806f24e601e3ff,Alebrijes Restaurante Bar,Alebrijes bar,25,13,-12,3,2,-1,Avenida Revolución 557,Ave revolucion,Tijuana,,restaurant,Dining and Drinking > Bar > Beer Bar,0.9445655559015883,1.0
08f44c172aba3061037c50a9d048d1eb,Roto-Rooter Plumbing and Water Cleanup,Roto-Rooter Plumbing & Water Cleanup of Loganville,38,50,12,5,7,2,150 Athens Hwy,150 Athens Highway Ste 500,Loganville,GA,plumbing,plumbing,0.9803712632594022,0.77
1970324840260511,Courtyard Philadelphia Springfield,Courtyard by Marriott Philadelphia Springfield,34,46,12,3,5,2,400 West Sproul Road,400 W Sproul Rd,Springfield,PA,resort,resort,0.77,0.77
08f1e832b2d834640363c21800e2646c,Di Vicino Forni a Legna e a Gas,Di Vicino Forni Srls,31,20,-11,8,4,-4,"Via Dino Campana, 212",Via Campana 212- Quarto,Quarto,72,restaurant_equipment_and_supply,Dining and Drinking > Restaurant,0.9544061302681992,1.0
08f1fa92de5b0082037f3d436a2668d0,Schott-Rohrglas GmbH,SCHOTT AG,20,9,-11,2,2,0,Erich-Schott-Straße 14,Erich-Schott-Str. 14,Mitterteich,,event_planning,active_life,0.28671328671328666,0.77
08f2aac958c59b1b03fcabb8e82f50cf,"Scott J Morris, DMD",Scott J Morris Family Practice,19,30,11,4,5,1,1719 W Main St,1719 W Main St,West Norriton Twp,PA,dentist,cosmetic_dentist,0.9962614185921548,0.77
08f3961561d3094c038780c81f579575,Maison Nègre,Maison Artisanale Nègre,12,23,11,2,3,1,14 Rue de l'École,"14 rue de l'Ecole, les Vidals",Lacaune,,shopping,Retail > Food and Beverage Retail > Butcher,0.9645127118644068,1.0
1125899907949040,PPG Paints - Louisville Paint Store,PPG Paints - Paint Store,35,24,-11,6,5,-1,12721 Shelbyville Rd,12721 Shelbyville Rd,Louisville,KY,paint_store,paint_store,0.77,0.77
281474977374045,Interstate Battery,Interstate All Battery Center,18,29,11,2,4,2,52 Daniel Webster Hwy,52 Daniel Webster Hwy,Merrimack,NH,battery_store,battery_store,0.77,0.77
08f1e8828ac4a04b03e9df4bbc9c6e7f,"The Butcher's - Macelleria, Gastronomia e Braceria",The Butcher's - Macelleria e Gastronomia,50,40,-10,7,6,-1,"Via Vittorio Veneto, 4",Via Vittorio Veneto 4,Monopoli,75,butcher_shop,Dining and Drinking > Food Court,0.9645127118644068,1.0
08f1ea3c489b4273031b699369b01d32,Pasticceria Soriani,Pasticceria Monti & Nanni SNC,19,29,10,2,5,3,"Via Vittoria Colonna, 19",Via Colonna 19,Rimini,45,desserts,Dining and Drinking > Dessert Shop,0.9837452982267598,1.0
08f1fa9b74c33ccc039483228348fd42,Euronics hifiboehm Zeulenroda,EURONICS Zeulenroda,29,19,-10,3,2,-1,Markt 5,Markt 5,Zeulenroda-Triebes,TH,electronics,Retail > Computers and Electronics Retail > Electronics Store,0.6214335421016005,1.0
08f264d122640821036926d1ffe848b2,Bitcoin of America ATM,Bitcoin of America - Bitcoin ATM,22,32,10,4,6,2,726 McFerrin Ave,722 Mcferrin Avenue,Nashville,TN,atms,Business and Professional Services > Financial Service > Currency Exchange,0.48103896103896104,1.0
08f2a9d2d52ac008038bdf1686888347,Brandon Disney - State Farm Agent,Brandon Disney - State Farm Insurance Agent,33,43,10,6,7,1,513 Cherry St,513 Cherry St,Bluefield,WV,insurance_agency,Business and Professional Services > Financial Service,0.9837452982267598,1.0
08f2aac6eb4582ea0312c7b3c0c3b42c,Trinity Joppa,Trinity Lutheran Church,13,23,10,2,3,1,1100 Philadelphia Rd,1100 Philadelphia Rd,Joppa,MD,church_cathedral,church_cathedral,0.7927927927927928,0.9837452982267598
08fbe184e32632a503fa980d1ab35e1a,Kempsey Skip Bins,Kempsey Skips & Scrap Metal,17,27,10,3,5,2,9 Akubra Pl,9-11 Akubra Pl,South Kempsey,NSW,garbage_collection_service,Business and Professional Services > Home Improvement Service,0.8650306748466258,1.0
08f18252ed2e644003e208e0b4a322d1,Speedwell Family Support,Speedwell Trust,24,15,-9,3,2,-1,48 Parkanaur Road,57a Parkanaur Rd,Dungannon,NIR,charity_organization,Community and Government > Organization > Charity,0.3941504178272981,1.0
08f1e8439298263003d04efb18ab2497,Ristorante Pizzeria Cavour,Ristorante Cavour,26,17,-9,3,2,-1,"Corso Camillo Benso di Cavour, 21",Corso Cavour 21,Todi,55,pizza_restaurant,Dining and Drinking > Restaurant > Italian Restaurant,0.9908651262761956,1.0
08f2aaab4d4c0d620325d61d2ce778c7,Draeger Interlock,Draeger Ignition Interlock,17,26,9,2,3,1,7627 Fullerton Rd,7635 Fullerton Rd,Springfield,VA,automotive_parts_and_accessories,Business and Professional Services > Factory,0.28671328671328666,1.0
08f2b9864918641603e350d0663441fa,Sky Zone Whitby,Sky Zone Trampoline Park,15,24,9,3,4,1,240 S Blair St,240 South Blair Street,Whitby,ON,sports_and_recreation_venue,trampoline_park,0.9523423423423424,0.77
08f195ba26a456b20320b75eb5569034,Howards Dorchester,Howards Hyundai Dorchester,18,26,8,2,3,1,London Road,London Road,Dorchester,,car_dealer,automotive,0.9645127118644068,0.77
08f1f2e5048d164e03fd620dbb04a308,Lindell's Car Nissan,Lindells Bil,20,12,-8,3,2,-1,Fibergatan 3,Fiberg. 3,Billesholm,,automotive_repair,Business and Professional Services > Automotive Service > Automotive Repair Shop,0.9645127118644068,1.0
08f2661881ba399603682b034d3b72e9,Western Boone Junior-Senior High School,Western Boone Jr-Sr High School,39,31,-8,5,5,0,1205 N IN-75,,Thorntown,IN,high_school,Community and Government > Education > Primary and Secondary School > High School,0.9645127118644068,1.0
08f26d150e91944a034f3b7432d8f3e2,Coin Cloud DCM,Coin Cloud Bitcoin ATM,14,22,8,3,4,1,2151 SE 34th Ave,2151 SE 34th Ave,Amarillo,TX,atms,,0.3941504178272981,1.0
08f28d10722001230319f908c02b1fbc,San Juan Safaris - Orca Whale Watching,San Juan Safari Whale Watching,38,30,-8,7,5,-2,10 Front St,2 Spring St Landing,Friday Harbor,WA,tours,Travel and Transportation > Boat or Ferry,0.9837452982267598,1.0
08f2986ab206c300039901e1848d8d8a,Safety-Kleen Systems,Safety Kleen,20,12,-8,2,2,0,4582 Donovan Way,4582 Donovan Way,North Las Vegas,NV,environmental_testing,Business and Professional Services > Waste Management Service,0.77,1.0
08f29a4d66d26d9903959dd6a159ac71,La Villa Cafe Bar,La Villa Con Sabor A Cafe,17,25,8,4,6,2,Boulevard Benito Juárez 4356,"Bulevar Benito Juarez #4356 Int #3",Playas de Rosarito,,cafe,"Dining and Drinking > Cafe, Coffee, and Tea House > Coffee Shop",0.9837452982267598,1.0
08f2aa641dac166c0396504b89284b46,Seneca Nation Indians Library,Seneca Nation Library,29,21,-8,4,3,-1,3 Thomas Indian School Dr,3 Thomas Indian School Dr,Irving,NY,library,Community and Government > Library,0.9645127118644068,1.0
08f4445528791c51030532d8525b37ad,Chevron Rayne,Chevron Station Rayne,13,21,8,2,3,1,1045 Church Point Hwy,1045 Church Point Hwy,Rayne,LA,gas_station,gas_station,0.9962614185921548,0.77
08f489c0a988d91c03d200b109f53df7,Coin Cloud DCM,Coin Cloud Bitcoin ATM,14,22,8,3,4,1,2003 N TX-1604-LOOP E,2003 N Loop 1604 E Ste 111,San Antonio,TX,financial_service,,0.3941504178272981,1.0
08f48eba494e2cd6031f3fc948616b0a,Ombudsman Arizona Charter East II,Ombudsman Charter East II,33,25,-8,5,4,-1,4041 E Thomas Rd,"4041 E. Thomas Rd, Ste. 210",Phoenix,AZ,high_school,Community and Government > Education,0.9962614185921548,1.0
08f1849b1176da690351ac66a3c552f8,Communauté de communes de Lacq Orthez - CCLO,Communauté De Communes De Lacq-orthez,44,37,-7,8,5,-3,Rond-Point des Chênes - BP73,Rond-Point des Chênes,Mourenx,,public_service_and_government,Community and Government,0.48103896103896104,1.0
08f1ea2d93cc3a9e035b43ef4cb52ad1,Centro Nazionale Per Il Volontariato,Centro Nazionale Volontariato,36,29,-7,5,3,-2,"Via Alfredo Catalani, 158",VIA Catalani 158,Lucca,52,community_services_non_profits,Business and Professional Services > Convention Center > Conference Room,0.9467515923566879,1.0
08f1f146cd8f4d8b034df7d18ab5f6fc,Fahrschule Walter Lohmann,Fahrschule Lohmann,25,18,-7,3,2,-1,Zum Esch 25,Zum Esch 25,Emstek,,driving_school,Community and Government > Education > Driving School,0.9645127118644068,1.0
08f1fb14213b534803295839333df491,Amplifon France,Amplifon Sainte Savine,15,22,7,2,3,1,27B Avenue du Général Gallieni,27 bis avenue du Général Galliéni,Sainte-Savine,,health_and_medical,Health and Medicine > Medical Center,0.9467515923566879,1.0
08f2b9da094a66c6032deedf522acb43,Kingston Community Credit Union (KCCU),Kingston Community Credit Uniom,38,31,-7,5,4,-1,1201 Division St,4-34 Benson St,Kingston,ON,credit_union,Business and Professional Services > Financial Service > Banking and Finance > Bank,0.77,1.0
08f489c199a9881a0391dce2dd986d7e,My Econo's 3995 Optical,My Econo Optical,23,16,-7,4,3,-1,5275 Walzem Rd,5275 Walzem Rd,Windcrest,TX,eyewear_and_optician,Retail > Eyecare Store,0.9872500778573653,1.0
08fa8100e16b275b035e3f9f5d9abecc,Galeria Caribé,Galeria Sergio Caribé,14,21,7,2,3,1,"Rua João Lourenço, 79",Rua João Lourenço 79,São Paulo,SP,art_gallery,Arts and Entertainment > Art Gallery,0.7927927927927928,1.0
08f1f840ea021482035b7b83cdf340f6,Ecole Primaire Emile Gebhart,Ecole Primaire Gebhart,28,22,-6,4,3,-1,31 Rue Émile Gebhart,33 rue emile gebhart,Nancy,,elementary_school,Community and Government > Education > College and University > Student Center,0.6214335421016005,1.0
08f1f98405296ad0034910779e4d703c,Marchiodoro,Marchio D'Oro SAS,11,17,6,1,3,2,"Via Brenta, 15",Via Brenta 15,Torino,21,furniture_store,Retail > Furniture and Home Store,0.9544061302681992,1.0
08f26533507a2d40030feb6451cc6d92,Ozark Mountain Crossing Apartments,Ozark Mountain Crossing Apts,34,28,-6,4,4,0,5513 N 12th St,5620 N 13th Ave,Ozark,MO,real_estate,Business and Professional Services > Storage Facility,0.9445655559015883,1.0
08f2681a31808050037d5e7ecf9e1b01,Larry H. Miller Toyota Scion Boulder,Larry H. Miller Toyota Boulder,36,30,-6,6,5,-1,2465 48th Ct,2465 48th Ct,Boulder,CO,car_dealer,used_car_dealer,0.9962614185921548,0.77
08f283470049638d0310a3fc3bc5f39f,Target Store Santa-Clara,Target Santa Clara,24,18,-6,3,3,0,2004 El Camino Real,2004 El Camino Real,Santa Clara,CA,department_store,department_store,0.9962614185921548,0.77
08f2a122b34060f1033f6a3fcca4ddb0,Target Store Richland-Twp,Target Richland Twp,25,19,-6,3,3,0,610 N West End Blvd,610 N West End Blvd,Quakertown,PA,department_store,department_store,0.9962614185921548,0.77
08f2a149153094820329fd6db5d1e4f6,Coinstar Kiosk - Bitcoin ATM,Coinstar | Bitcoin ATM,28,22,-6,5,4,-1,"1600 Memorial Dr, Price Rite",1600 Memorial Dr,Chicopee,MA,atms,,0.77,1.0
08f2aad39c474c9c03e6e7b74bca7273,Five Pointe Barber Shop,Five Points Plaza,23,17,-6,4,3,-1,17601 Coastal Hwy,17601 Coastal Hwy,Lewes,DE,barber,flowers_and_gifts_shop,0.9837452982267598,0.9097222222222222
08f396c4a392530a03ba75015b9d5616,Stade André Cancel,Stade Cancel,18,12,-6,3,2,-1,227 Avenue Gaston Baissette,227 avenue Gaston Baissette,Mauguio,,tennis_court,Sports and Recreation > Soccer > Soccer Field,0.9544061302681992,1.0
08f446ea9534aa0203777492a4a9ca98,"Maida Clark Law Firm, P.C.","Maida Law Firm, P.C.",26,20,-6,5,4,-1,4320 Calder Ave,4320 Calder Ave,Beaumont,TX,bankruptcy_law,Business and Professional Services > Legal Service > Law Office,0.77,1.0
08f44cd590505c4d031e70722821a0fa,ABRA Auto Body Chattanooga,Abra Auto Body Repair of America,26,32,6,4,6,2,6009 International Dr,6009 International Dr,Chattanooga,TN,auto_glass_service,auto_glass_service,0.77,0.77
08f4995d6c868948032cc85868485bf9,Restaurante Sazon El Capricho,Restaurante El Capricho,29,23,-6,4,3,-1,C. Pichardo Pagaza MZ 003,PICHARDO PAGAZA 3,,,restaurant,Dining and Drinking > Restaurant > Fast Food Restaurant,0.9837452982267598,1.0
1125899910258352,Braum's Ice Cream & Dairy Store,Braum's Ice Cream & Burger Restaurant,31,37,6,6,6,0,5300 Matlock Rd,5300 Matlock Rd,Arlington,TX,ice_cream_and_frozen_yoghurt,ice_cream_and_frozen_yoghurt,0.77,0.77
08f194ad32accc120378a4a13d751f03,Tonkotsu Bar and Ramen,Tonkotsu Bankside,22,17,-5,4,2,-2,4 Canvey Street,"4 Canvey Street, Bankside",London,ENG,japanese_restaurant,soup_restaurant,0.9962614185921548,0.77
08f1e3359d14e6cc038bc1d545dc5ba5,Olina Küchen,olina-Küchen Linz,12,17,5,2,2,0,Freistädter Str. 400,Freistädter Straße 400,,,retail,kitchen_supply_store,0.9877528662420382,0.77
08f1f15430b5a80a03d64cc7138c01f1,Thermo Systems,Thermo-Systems GmbH,14,19,5,2,2,0,Zur Alten Wörpe 4,Zur alten Wörpe 4,Lilienthal,,hvac_services,hvac_services,0.9877528662420382,0.77
08f1fb432c6d432b030f6b6a47ed6ec0,Gare de Creil,Gare SNCF de Creil,13,18,5,3,4,1,"Place Charles de Gaulle, 60100 Creil",Place Charles de Gaulle,Creil,,train_station,Travel and Transportation > Transport Hub > Rail Station,0.6214335421016005,1.0
08f26cbc6b03510003553ce6709596c4,Palio’s Pizza Cafe Midlothian,Palio's Pizza midlothian,29,24,-5,4,3,-1,"151 Walton Way #110",151 Walton Way,Midlothian,TX,gluten_free_restaurant,Dining and Drinking > Restaurant > Pizzeria,0.77,1.0
08f275802d4745a4036f3b1a815dd617,BMO Harris Bank ATM,BMO Harris ATM,19,14,-5,4,3,-1,3859 E Washington Ave,3859 E Washington,Madison,WI,bank_credit_union,Business and Professional Services > Financial Service > Banking and Finance > ATM,0.77,1.0
08f2832b85a12b3203fb6b84f25c83de,Windshield Repair Sacramento,Windshield Replacement Sacramento,28,33,5,3,3,0,3420 Harmony Ln,"3420 Harmony Ln #2",Sacramento,CA,auto_glass_service,Business and Professional Services > Automotive Service > Automotive Repair Shop,0.9146576663452266,1.0
08f2a1008d1b3a8103c4ba07705332c0,The Bridge Golf Foundation,The Bridge Golf Learning Center,26,31,5,4,5,1,33 W 116th St,33 West 116th Street,New York,NY,golf_instructor,Sports and Recreation > Golf > Golf Driving Range,0.9837452982267598,1.0
08f3966534d9dc000361acdf01425035,Boulangerie Darrigrand,Boulangerie Pât. Darrigrand,22,27,5,2,3,1,Rue Berlioz,rue Berlioz,,,bakery,Dining and Drinking > Bakery,0.9445655559015883,1.0
08f444381a58e79b03f8e497300cac10,Natchez Children's Services,Natchez Children's Home Services,27,32,5,3,4,1,815 N Union St,806 N Union St,Natchez,MS,social_service_organizations,Community and Government > Public and Social Service,0.48103896103896104,1.0
08f44a966ad86ae40341ae6d783ab450,AdventHealth Medical Group OB GYN at Deltona,AdventHealth Medical Group GYN Surgery at Deltona,44,49,5,7,7,0,1745 Sterling Silver Blvd Ste 104,1745 Sterling Silver Blvd Ste 104,Deltona,FL,obstetrician_and_gynecologist,women's_health_clinic,0.77,0.77
08f49824998a425003760394c03c89c5,Parque Acuático Tephé,Parque Acuático 'El Thepe',21,26,5,3,4,1,"Carr. México Laredo, Km 152, 42323 El Tephé, Hgo.",Carr. México-Laredo Km. 152,Ixmiquilpan,,swimming_pool,Sports and Recreation > Water Sports > Swimming > Swimming Pool,0.7927927927927928,1.0
08fa831a5528368003cb9d0c38305d24,Colégio Estadual Professora Maria Gai Grendel,Colégio Estadual Prof. Maria Gai Grendel,45,40,-5,6,6,0,"Estrada Delegado Bruno de Almeida, 9001","Rua Delegado Bruno De Almeida, 9001 - Caximba",Curitiba,PR,school,Community and Government > Education > Trade School,0.7927927927927928,1.0
08fbe8d0165185630322cd439aeeb8e0,Goodyear Autocare Australia,Goodyear Autocare Murrumba Downs,27,32,5,3,4,1,"Common Property 139 Dohles Rocks, 139 Dohles Rocks Rd",1/139 Dohles Rocks Road,Brisbane,QLD,automotive_repair,automotive,0.9837452982267598,0.77
1407374887573410,Locatec Essen - RÜFA,Locatec Düsseldorf - RÜFA,20,25,5,4,4,0,Burgfeld 13-15,Burgfeld 13-15,Velbert,North Rhine-Westphalia,fire_and_water_damage_restoration,fire_and_water_damage_restoration,0.77,0.77
844424933664824,GRUPPO BOSSONI - Alfa Romeo,Gruppo Bossoni Fiat Professional,27,32,5,5,4,-1,"Via Castelleone, 136",Via Castelleone 136,Cremona,CR,automotive,automotive,0.77,0.77
08f1ea3112774572035b62e8259ffacd,Hotel Zanarini,Hotel New Zanarini,14,18,4,2,3,1,"Viale Filippo Corridoni, 16",Viale Corridoni 16,Riccione,45,hotel,Travel and Transportation > Lodging > Hotel,0.9645127118644068,1.0
08f1f1a61b65ea2a033b99f76642dac2,Raab Karcher Building Materials,Raab Karcher Baustoffhandel,31,27,-4,4,3,-1,Muldestraße 41,Muldestr. 41,Zwickau,,building_supply_store,Retail > Hardware Store,0.9895134099616858,1.0
08f26628d08d4a2d030c4dc286d4b250,Little Jewels - Evergreen,Little Jewels Learning Center,25,29,4,4,4,0,1730 Evergreen Blvd,1730 Evergreen Blvd,Normal,IL,day_care_preschool,preschool,0.9962614185921548,0.77
08f26cb8120b64f203d68aca639d4d4e,Waxahachie Ford Collision,Waxahachie Ford Parts,25,21,-4,3,3,0,2401 N 1-35 E,2401 N 1-35 E,Waxahachie,TX,,auto_parts_and_supply_store,0.77,0.77
08f2748ba583136103a98b5793ae4f2b,Pooches Parlor,Pooches Dog Parlor,14,18,4,2,3,1,1128 E Grand River Ave,1128 E Grand River Ave Ste A,Portland,MI,pet_groomer,pet_groomer,0.9962614185921548,0.77
08f3da11a880352a03e1b552a441aa16,Ebowla Gurgaon,Ebowla Club & BYOB,14,18,4,2,4,2,"Signature Tower Crossing, Near Star Mall, Main, Delhi - Jaipur Expy, Sector 30, Gurugram, Haryana 122001","SIGNATURE TOWER, crossing, Delhi - Jaipur Expy",Gurugram,,dance_club,dance_club,0.3941504178272981,0.9649446494464945
08f450a6b2294d5203313bd27e054fe8,Notaría Pública 20,Notaría Pública No. 20,18,22,4,3,4,1,Calle Granada 20,Calle Granada No. 30,Cancún,,notary_public,Business and Professional Services > Financial Service,0.9837452982267598,1.0
08f801609924b74a035874ff6e9f846c,Barra do Fortim,Barra - Fortim - Ce,15,19,4,3,5,2,,,,,lighthouse,Arts and Entertainment,0.3941504178272981,1.0
1407374887100674,Murphy USA,Murphy Express,10,14,4,2,2,0,4448 Sunset Blvd,4448 Sunset Blvd,Lexington,SC,convenience_store,convenience_store,0.77,0.77
08f1126d332248ed03373d1c4f03052a,Hautaustoimisto Mikko Mononen,Hautaustoimisto Mononen Mikko Oy,29,32,3,3,4,1,Liisankatu 25,Liisankatu 25,Helsinki,ES,funeral_services_and_cemeteries,Business and Professional Services > Funeral Home,0.9837452982267598,1.0
08f1ea3c4ec222d003c73c090231dece,Santuario di Santa Maria delle Grazie,Santuario Santa Maria Delle Grazie,37,34,-3,6,5,-1,"Viale delle Grazie, 10",Via Delle Grazie 10,Rimini,45,catholic_church,Community and Government > Spiritual Center > Church,0.9544061302681992,1.0
08f1ec9c434b687503fa4f27961f3e0a,Bahçeşehir Park 1 Evleri,BahçeşehirPark Evleri,24,21,-3,4,2,-2,,,,,accommodation,Community and Government > Residential Building > Apartment or Condo,0.48103896103896104,1.0
08f1f125b549141a033d8abde11f4d25,Kindel GmbH & Co. KG Blechdruckerei,Kindel GmbH & Co. Blechdruckerei,35,32,-3,6,5,-1,Wittener Straße 238,Wittener Str. 240,Wuppertal,,printing_services,Retail > Print Store,0.9544061302681992,1.0
08f1fb470dc5cd6303a4cfc2e399bd59,Garage St Nicolas,Garage Saint Nicolas,17,20,3,3,3,0,61 Rue Saint-Nicolas,61 Rue Saint-Nicolas,Maisons-Laffitte,,automotive_repair,Business and Professional Services > Automotive Service > Automotive Repair Shop,0.9467515923566879,1.0
08f2644611c0c95603831217603f38cc,Little Italy's Pizzeria,Little Italy's Pizza,23,20,-3,3,3,0,305 W Main St,110 W Main St,Staunton,IL,pizza_restaurant,Dining and Drinking > Restaurant > Pizzeria,0.9837452982267598,1.0
08f289eb6a80c0aa03adb21d855f66d3,Highway 93 RV,Highway RV,13,10,-3,3,2,-1,1345 US Highway 93 N,1345 US Highway 93 N Stop 6,Victor,MT,recreation_vehicle_repair,,0.9837452982267598,1.0
08f2b9bc7517404003d5dc9fe0857b67,Mega City Drains Plumbing & Heating,Mega City Drain & Plumbing And Heating,35,38,3,6,7,1,16 Cosburn Ave,16 Cosburn Ave,Toronto,ON,plumbing,Retail > Construction Supplies Store,0.23154848046309695,1.0
08f39440da903472032498aa261a5743,Chapas y Maderas José Mª Ribas,Chapas y Maderas José María Ribas,30,33,3,6,6,0,"Carrer de la Segarra, 30","Carrer de la Segarra, 30 Bajo",Castellar del Vallès,,construction_services,Retail > Construction Supplies Store,0.7927927927927928,1.0
08f48e5b656d2c2303257e206ee3119d,San Benito Su Ferreteria,SAN BENITO Ferretería,24,21,-3,4,3,-1,Veracruz,Veracruz,Hermosillo,,hardware_store,Retail > Hardware Store,0.28671328671328666,1.0
08f49958590226ad0369f595d21e2bef,Parroquia de Nuestra Senora de la Esperanza,Parroquia Nuestra Señora de la Esperanza,43,40,-3,7,6,-1,Avenida Popocatépetl 190,Eje 8 Sur Popocatepetl,Benito Juárez,,church_cathedral,Community and Government > Spiritual Center > Church,0.9837452982267598,1.0
08f4995b8d5a894e03e841aa316ed5a7,Ingram Micro México Sa De Cv,Ingram Micro México CEDIM,28,25,-3,6,4,-2,Privada 16 de Septiembre 175,Av. 16 de Septiembre No. 225,Azcapotzalco,CMX,professional_services,Retail > Computers and Electronics Retail > Electronics Store,0.6214335421016005,1.0
08f49b6c4449a47203ad3ec666816735,Iglesia Santiago Apóstol,Iglesia De Santiago Apostol,24,27,3,3,4,1,Callejón Porfirio Díaz 65,Centro,Santiago Pinotepa Nacional,,religious_organization,Community and Government > Spiritual Center > Church,0.9645127118644068,1.0
08fa81008c25d6b2034056ee927c5840,pizzaria nunes,Pizzaria DE,14,11,-3,2,2,0,"Avenida Morais Costa, 714",Avenida Morais Costa,São Paulo,SP,pizza_restaurant,Dining and Drinking > Restaurant > Pizzeria,0.23154848046309695,1.0
1407374888286645,Service Department Ken Garff Honda of Orem,Service Department at Ken Garff Honda of Orem,42,45,3,7,8,1,195 E University Pwy.,195 E University Pwy.,Orem,UT,auto_restoration_services,auto_restoration_services,0.77,0.77
08f1ea40447a59b2039b146d6f3ddbfe,Studio Dentistico Dr. Tonti,Studio Dentistico Dott. Tonti,27,29,2,4,4,0,"Via Baccarini, 21","Via Baccarini, 21",Schio,VI,dentist,Health and Medicine > Dentist,0.77,1.0
08f1f852314e30580373a86cedf0b53a,Médiathèque De Seltz,Médiathèque municipale,20,22,2,3,2,-1,2 Avenue du Général Schneider,2 avenue du Général Schneider,Seltz,,library,Community and Government > Library,0.9837452982267598,1.0
08f1fa37594d3d950337aa2b2f0f456e,Kreissparkasse Saarlouis - Geldautomat,Kreissparkasse Saarlouis - SB-Stelle,38,36,-2,4,4,0,Schaumbergstr. 110,Schaumbergstr. 110,Lebach,Saarland,bank_credit_union,bank_credit_union,0.77,0.77
08f1fb69595b16830343d2cc97ecf07f,SAFAK Cuisines DREUX,Safak Cuisines Cobatex,20,22,2,3,3,0,2B Chemin de Blainville,2 chemin de Blainville,Vernouillet,,furniture_store,,0.9837452982267598,1.0
08f264d112a369ae0345476d0ce832cf,St. Ann Catholic Church,St. Ann's Catholic School,23,25,2,4,4,0,5101 Charlotte Ave,5105 Charlotte,Nashville,TN,catholic_church,Community and Government > Education,0.9837452982267598,1.0
08f344ca533ad7420397c7c967bcd5c0,Club Torso Gay Hotels & Resorts,Club Torso Gay Resort & Hotel,31,29,-2,6,6,0,Avenida Touroperador Kuoni 8,Avenida Touroperador Kuoni 46,Maspalomas,Las Palmas,resort,Travel and Transportation > Lodging > Resort,0.77,1.0
08f396c2c4249a520347928006517d47,BIOCOOP Coustellet Maubec,BIOCOOP Cultures Bio Maubec,25,27,2,3,4,1,320b Route de Cavaillon,320 B route de Cavaillon,Maubec,,organic_grocery_store,Retail > Food and Beverage Retail > Grocery Store > Organic Grocery,0.9837452982267598,1.0
08f481270588895403e4355b3c793f94,Pasteles D' Súsan,Pastelería D' Susan,17,19,2,3,3,0,Calle del Parque 145,Ave Del Parque 145,Gómez Palacio,,desserts,Dining and Drinking > Dessert Shop > Pie Shop,0.9253962118283726,1.0
08f499da855b670a0351e3cfe7a96284,Tortería Mi Feo,Tortas Mi Feo,15,13,-2,3,3,0,Calzada de Guadalupe 7,Mercado Tangamanga B-14,San Luis Potosí,SLP,food_stand,Dining and Drinking > Restaurant > Mexican Restaurant,0.9467515923566879,1.0
08f6d23b1c0e0528036e8005470f0d09,Don Pancho Barber Studio,Don Pancho Barber Shop,24,22,-2,4,4,0,Francisco I. Madero 23,,San Cristóbal de las Casas,,beauty_salon,Business and Professional Services > Health and Beauty Service > Hair Salon,0.9837452982267598,1.0
08fa810c0b8162210323acfef0469761,Vanessa Brito Hair,Vanessa Brito Studio,18,20,2,3,3,0,"Rua Benjamin Constant, 61","Rua Benjamin Constant, 61 - Sala 409",São Vicente,SP,hair_salon,Business and Professional Services > Health and Beauty Service,0.9385113268608414,1.0
2251799818555093,Service King Collision Repair South Ft. Worth,Service King Collision Repair of South Ft Worth,45,47,2,7,8,1,9601 South Fwy,9601 South Fwy,Fort Worth,TX,brake_service_and_repair,brake_service_and_repair,0.77,0.77
281474980655201,"City View Plumbing, HVAC & Water Conditioning","City View Plumbing, Heating, & Air Conditioning",45,47,2,7,7,0,1880 W Wayzata Blvd,1880 W Wayzata Blvd,Long Lake,MN,hair_salon,hvac_services,0.77,0.77
08f1e880c6d2a21a03dad9931d6666c6,Black Box Bari,Black Box Store,14,15,1,3,3,0,"Via Niccolò Piccinni, 68",via Niccolò Piccinni 68,Bari,75,clothing_store,Retail > Fashion Retail > Clothing Store,0.9253962118283726,1.0
08f1e9a0521abccc033a2bb3a8fe12ee,Perrone Giuseppe,Perrone Traslochi,16,17,1,2,2,0,"Via Giovanni Aurispa, 74","Via Giovanni Aurispa, 74",Palermo,82,movers,Travel and Transportation > Transportation Service,0.9146576663452266,1.0
08f1f16052a4c36e037e498aedcad7cf,Euregio Immobilien Thorsten Deitel,Euregio Immobilien Uwe Hardt e.K.,34,33,-1,4,5,1,Bentheimer Straße 21,Bentheimer Str. 21,Schüttorf,,real_estate,Business and Professional Services > Real Estate Service > Property Management Office,0.9467515923566879,1.0
08f1f204d50c3a4a036f3e1b5e6bfa86,Kinastumper.dk,Kinastumper ApS,14,15,1,1,2,1,Ringsøvej 33C,Ringsøvej 33 C,Ryomgård,82,motorcycle_repair,Business and Professional Services > Automotive Service > Automotive Repair Shop,0.3941504178272981,1.0
08f1f9b089cf330d03b9a3ab6ad274ba,Giudice di Pace di Genova,Giudice di pace - Genova,25,24,-1,5,5,0,"Via Edmondo De Amicis, 2",Via Edmondo de Amicis 2,Genova,42,public_service_and_government,Community and Government > Government Building > Courthouse,0.9645127118644068,1.0
08f1fa905cad86140332d3765d06ced0,MC Goblins Münchberg,MC Goblins Clubhaus,20,19,-1,3,3,0,Bahnhof 2,Bahnhof 2,Münchberg,,speakeasy,Community and Government > Organization > Club House,0.28671328671328666,1.0
08f2ab2c140c5d5103992fa68fe3e10f,DaVita Cornerstone At Home,Davita Cornerstone Dialysis,26,27,1,4,3,-1,23857 Greenfield Rd,23857 Greenfield Rd.,Southfield,MI,dialysis_clinic,Health and Medicine > Medical Center,0.77,1.0
08fa8100ca28064003968b5363ce2e31,Assembleia de Deus - Casa Verde,Assembléia de Deus da Casa Verde,31,32,1,6,6,0,"Rua Valdemar Martins, 557","Rua Valdemar martins, 495",São Paulo,SP,pentecostal_church,Community and Government > Spiritual Center > Church,0.7927927927927928,1.0
562949961114758,WEISSER RING e.V. - Außenstelle Schaumburg,WEISSER RING e.V. - Außenstelle Delmenhorst,42,43,1,6,6,0,Georgswall 3,Georgswall 3,Hannover,Lower Saxony,organization,organization,0.77,0.77
08f499da81376a8e035b83643df59654,Auto Técnica Medellín,Automecanica Medellin,21,21,0,3,2,-1,Avenida Fray Diego de la Magdalena 1721,Calzada Fray Diego de la Magdalena 1721,San Luis Potosí,SLP,automotive_repair,Business and Professional Services > Automotive Service > Automotive Repair Shop,0.9146576663452266,1.0
08f60a25956e9c320304addce950be4d,Real Estate Profile1 - Local,Real Estate Profile1 - Suite,28,28,0,5,5,0,1766 Palo Verde Ave,1766 Palo Verde Ave,East Palo Alto,CA,automotive,building_supply_store,0.77,0.77
08fa90e2a5492ac0037ab3c57ff4f525,Carlos Alberto  Hair Stylist,Carlos Alberto Hair Stailyst,28,28,0,5,4,-1,,,,,beauty_and_spa,Business and Professional Services > Health and Beauty Service > Nail Salon,0.2009132420091324,1.0
1125899907047384,"Dr. Martin S. Kanovsky, MD, FACP",Dr. Martin Kanovsky MD FACC FACP,32,32,0,6,6,0,5530 Wisconsin Ave Ste 700,5530 Wisconsin Ave Ste 700,Chevy Chase,MD,cardiologist,cardiologist,0.77,0.77
281474980652319,Northwest RV & Self Storage,Northwest RV & Mini Storage,27,27,0,5,5,0,7041 N Camino Martin,7041 N Camino Martin Ste 125,Tucson,AZ,rv_storage_facility,rv_storage_facility,0.77,0.77
