id,conflict_class,alt_raw,base_raw,alt_digits,base_digits,alt_digit_len,base_digit_len,alt_confidence,base_confidence,confidence_diff,confidence_gap,higher_confidence_side
08f44c22860ee72203de832ef8d0362c,alt_only,"[""+17066511751""]",,17066511751,"",11,0,0.2315,1.0,-0.7685,0.7685,base
08f8c1479a51396b0362ec324434f3e5,alt_only,"[""+62222061156""]",,62222061156,"",11,0,0.2315,1.0,-0.7685,0.7685,base
08fa8100d0156298030af89593714320,alt_only,"[""+551143299545""]",,551143299545,"",12,0,0.2315,1.0,-0.7685,0.7685,base
08f1fa905cad86140332d3765d06ced0,alt_only,"[""+4915158732362""]",,4915158732362,"",13,0,0.2867,1.0,-0.7133,0.7133,base
08f39202a178277003362676b3448b11,alt_only,"[""+34607516930""]",,34607516930,"",11,0,0.2867,1.0,-0.7133,0.7133,base
08f480aa6da050920338531a418d7478,alt_only,"[""+526442227275""]",,526442227275,"",12,0,0.2867,1.0,-0.7133,0.7133,base
08f64a4165a58016031f9ced2553db38,alt_only,"[""+66866656247""]",,66866656247,"",11,0,0.2867,1.0,-0.7133,0.7133,base
08f6511b20d0a8e3037c00308b98eef7,alt_only,"[""+60109100883""]",,60109100883,"",11,0,0.2867,1.0,-0.7133,0.7133,base
08f8b221a404320d03b459bdb2275ea1,alt_only,"[""+59178510290""]",,59178510290,"",11,0,0.2867,1.0,-0.7133,0.7133,base
08fa810056a2b6400390bcc253369382,alt_only,"[""+5511983849245""]",,5511983849245,"",13,0,0.2867,1.0,-0.7133,0.7133,base
08fa81c3767b1c0a03138c4ce1229b3f,alt_only,"[""+5514996356838""]",,5514996356838,"",13,0,0.2867,1.0,-0.7133,0.7133,base
08fa835d5acadcd8031eddedfd4b67e8,alt_only,"[""+5547992158494""]",,5547992158494,"",13,0,0.2867,1.0,-0.7133,0.7133,base
08fa884904d5d8aa03650d68d1b1dc18,alt_only,"[""+5522988292584""]",,5522988292584,"",13,0,0.2867,1.0,-0.7133,0.7133,base
08fa91b462cced9b033b481c4d3cc79f,alt_only,"[""+554832254970""]",,554832254970,"",12,0,0.2867,1.0,-0.7133,0.7133,base
08f64a6b4236677403cc793222a2a938,alt_only,"[""+66841409050""]",,66841409050,"",11,0,0.2869,1.0,-0.7131,0.7131,base
08fa8100d98abd1c031cef4f718ca8bd,alt_only,"[""+5511950592998""]",,5511950592998,"",13,0,0.2869,1.0,-0.7131,0.7131,base
08fa81d850658400039e7a529930820b,alt_only,"[""+551434324687""]",,551434324687,"",12,0,0.2869,1.0,-0.7131,0.7131,base
08fa89dda8aa4a4003c010e672fafdbc,alt_only,"[""+553332252188""]",,553332252188,"",12,0,0.2869,1.0,-0.7131,0.7131,base
08f28f5da5c1e45503ed4a9474f21209,alt_only,"[""+15419293061""]",,15419293061,"",11,0,0.3942,1.0,-0.6058,0.6058,base
08f2a8478c48b8c003709bcceff3bbff,alt_only,"[""+14122217000""]",,14122217000,"",11,0,0.3942,1.0,-0.6058,0.6058,base
08f2d1032418c25803ba88528702a04c,alt_only,"[""+105469312255""]",,105469312255,"",12,0,0.3942,1.0,-0.6058,0.6058,base
08f64a4a166366150347a65308f3c1c4,alt_only,"[""+66846439794""]",,66846439794,"",11,0,0.3942,1.0,-0.6058,0.6058,base
08f64a4b1158e39603642fcf610deeb0,alt_only,"[""+66992562561""]",,66992562561,"",11,0,0.3942,1.0,-0.6058,0.6058,base
08f64b504005a58b030db55a839aba58,alt_only,"[""+6656748791""]",,6656748791,"",10,0,0.3942,1.0,-0.6058,0.6058,base
08f6941324903ae4031455cf6893414b,alt_only,"[""+639165441714""]",,639165441714,"",12,0,0.3942,1.0,-0.6058,0.6058,base
08f8116b1e613a4303a020347a4b466b,alt_only,"[""+557134619694""]",,557134619694,"",12,0,0.3942,1.0,-0.6058,0.6058,base
08fa8100cc66655e03e374c185c76a8f,alt_only,"[""+5511987795085""]",,5511987795085,"",13,0,0.3942,1.0,-0.6058,0.6058,base
08fa810384d58c45034826da81df1a9e,alt_only,"[""+5511954074969""]",,5511954074969,"",13,0,0.3942,1.0,-0.6058,0.6058,base
08fa88cd9036b0c0036d29d69fdc49ee,alt_only,"[""+553137859489""]",,553137859489,"",12,0,0.3942,1.0,-0.6058,0.6058,base
08fa8c0ce6c8e6eb035c624cc5d8ca4d,alt_only,"[""+556232492273""]",,556232492273,"",12,0,0.3942,1.0,-0.6058,0.6058,base
08fa9012985008ee0370549c32581fb8,alt_only,"[""+555133282320""]",,555133282320,"",12,0,0.3942,1.0,-0.6058,0.6058,base
08fa95edaa2c99a403a1ec30dcaa0dec,alt_only,"[""+5545999112674""]",,5545999112674,"",13,0,0.3942,1.0,-0.6058,0.6058,base
08f1ec9c434b687503fa4f27961f3e0a,alt_only,"[""+902522124000""]",,902522124000,"",12,0,0.481,1.0,-0.519,0.519,base
08f1f166d246c3290303ee41124b93fa,alt_only,"[""+491736261921""]",,491736261921,"",12,0,0.481,1.0,-0.519,0.519,base
08f1f66a8a38dac2031104017635f17c,alt_only,"[""+37163222453""]",,37163222453,"",11,0,0.481,1.0,-0.519,0.519,base
08f29a42b346999003326b6798be8dc6,alt_only,"[""+17609012694""]",,17609012694,"",11,0,0.481,1.0,-0.519,0.519,base
08f2e2b64130c448034229ed167cb076,alt_only,"[""+818054511627""]",,818054511627,"",12,0,0.481,1.0,-0.519,0.519,base
08f2e6045d4cad5803116b100d18a53d,alt_only,"[""+81586858658""]",,81586858658,"",11,0,0.481,1.0,-0.519,0.519,base
08f485e72235e01c030884cbad7f7a27,alt_only,"[""+526381258948""]",,526381258948,"",12,0,0.481,1.0,-0.519,0.519,base
08f5f1c34bc3419903e2d20614543143,alt_only,"[""+5978789165""]",,5978789165,"",10,0,0.481,1.0,-0.519,0.519,base
08f6482c68d7645503ecec407d8b2c4a,alt_only,"[""+6653232428""]",,6653232428,"",10,0,0.481,1.0,-0.519,0.519,base
08f64a4a14064ce903803216f18dd862,alt_only,"[""+6624033078""]",,6624033078,"",10,0,0.481,1.0,-0.519,0.519,base
08f6505096d0c1b503af0fc23cd0d011,alt_only,"[""+60395202991""]",,60395202991,"",11,0,0.481,1.0,-0.519,0.519,base
08f8c1078a53124603e6f76093a9dc61,alt_only,"[""+622157900254""]",,622157900254,"",12,0,0.481,1.0,-0.519,0.519,base
08fa804d9661cd1903835a640b232157,alt_only,"[""+554135357517""]",,554135357517,"",12,0,0.481,1.0,-0.519,0.519,base
08fa81008d232933037806016bb78307,alt_only,"[""+551129124233""]",,551129124233,"",12,0,0.481,1.0,-0.519,0.519,base
08fa8100ae892ba6038bdb6e49bbe7a3,alt_only,"[""+551123241732""]",,551123241732,"",12,0,0.481,1.0,-0.519,0.519,base
08fa81955b34a9b303580e4545ded3f2,alt_only,"[""+11732243695""]",,11732243695,"",11,0,0.481,1.0,-0.519,0.519,base
08fa976555b951680388c1eb02815b63,alt_only,"[""+555530289860""]",,555530289860,"",12,0,0.481,1.0,-0.519,0.519,base
08fb91682e78eb6803a3b18055780dd1,alt_only,"[""+61872230136""]",,61872230136,"",11,0,0.481,1.0,-0.519,0.519,base
08fbb72ae6111224032728dc57e311d1,alt_only,"[""+6467585015""]",,6467585015,"",10,0,0.481,1.0,-0.519,0.519,base
08f1f80aa95496d5035220a5139bbdd0,alt_only,"[""+33626174731""]",,33626174731,"",11,0,0.6214,1.0,-0.3786,0.3786,base
08f2834711c6c6c803ba1d051d973707,alt_only,"[""+14082887603""]",,14082887603,"",11,0,0.6214,1.0,-0.3786,0.3786,base
08f450accd28936d03732c5a0c289e23,alt_only,"[""+529844496495""]",,529844496495,"",12,0,0.6214,1.0,-0.3786,0.3786,base
08f498c94cd093b20333437c7c397280,alt_only,"[""+523312020707""]",,523312020707,"",12,0,0.6214,1.0,-0.3786,0.3786,base
08f64a092264037403b6ae22af2381c1,alt_only,"[""+66959154153""]",,66959154153,"",11,0,0.6214,1.0,-0.3786,0.3786,base
08f64a4a2674c5210367ee55e1d05e1e,alt_only,"[""+66955966159""]",,66955966159,"",11,0,0.6214,1.0,-0.3786,0.3786,base
08f64a4b8a2182d803efaceee497ac25,alt_only,"[""+66639131526""]",,66639131526,"",11,0,0.6214,1.0,-0.3786,0.3786,base
08f64a4d9eb6d72e033570a0d94c1cee,alt_only,"[""+66861599548""]",,66861599548,"",11,0,0.6214,1.0,-0.3786,0.3786,base
08f64a5dac99dae803ff014db487937d,alt_only,"[""+66915654154""]",,66915654154,"",11,0,0.6214,1.0,-0.3786,0.3786,base
08f650d7b312494e0379177490e36a63,alt_only,"[""+626180031731""]",,626180031731,"",12,0,0.6214,1.0,-0.3786,0.3786,base
08f8c1079ca48d89034fc39344737333,alt_only,"[""+622131920121""]",,622131920121,"",12,0,0.6214,1.0,-0.3786,0.3786,base
08fa81008ca8987403152403c510cca3,alt_only,"[""+5511932007900""]",,5511932007900,"",13,0,0.6214,1.0,-0.3786,0.3786,base
08fa8100cdaee1ae0395ad79d4166c65,alt_only,"[""+551138751535""]",,551138751535,"",12,0,0.6214,1.0,-0.3786,0.3786,base
08fa82433524dc68030b79a2d60882ac,alt_only,"[""+554935410493""]",,554935410493,"",12,0,0.6214,1.0,-0.3786,0.3786,base
08fa8736dd0650c60325b5a78b6a9297,alt_only,"[""+551132621645""]",,551132621645,"",12,0,0.6214,1.0,-0.3786,0.3786,base
08fa8e2c4402d16003f9f2c48a55d210,alt_only,"[""+553432625242""]",,553432625242,"",12,0,0.6214,1.0,-0.3786,0.3786,base
08fa8f079c5740c003cee9234f02d70e,alt_only,"[""+553438414882""]",,553438414882,"",12,0,0.6214,1.0,-0.3786,0.3786,base
08fa8f56a671d254038c00412af16327,alt_only,"[""+553432290031""]",,553432290031,"",12,0,0.6214,1.0,-0.3786,0.3786,base
08fa90e8d6b065a303084f1af4a32095,alt_only,"[""+555130673966""]",,555130673966,"",12,0,0.6214,1.0,-0.3786,0.3786,base
08fb25919140d504031466d3d5beb5d2,alt_only,"[""+548106661212""]",,548106661212,"",12,0,0.6214,1.0,-0.3786,0.3786,base
08f1f8a24e650258034f1be6a73785ab,alt_only,"[""0463850000""]",,0463850000,"",10,0,0.77,1.0,-0.23,0.23,base
08f1fa52b061960a03e43f858d980cc0,alt_only,"[""021117549420""]",,021117549420,"",12,0,0.77,1.0,-0.23,0.23,base
08f2a1072cd4319403d444f5a7444196,alt_only,"[""6464299048""]",,6464299048,"",10,0,0.77,1.0,-0.23,0.23,base
08f2a120ca2ae36c03063f6dab55a04b,alt_only,"[""4848212921""]",,4848212921,"",10,0,0.77,1.0,-0.23,0.23,base
08f2a16d922a3a1b03f3a923ef742786,alt_only,"[""6077467354""]",,6077467354,"",10,0,0.77,1.0,-0.23,0.23,base
08f2ad02592eac4d036dc2d6a5cac784,alt_only,"[""8887328562""]",,8887328562,"",10,0,0.77,1.0,-0.23,0.23,base
08f2b9da094a66c6032deedf522acb43,alt_only,"[""6135316056""]",,6135316056,"",10,0,0.77,1.0,-0.23,0.23,base
08f2f5a81888b92403495c5ae643abb5,alt_only,"[""05088848748""]",,05088848748,"",11,0,0.77,1.0,-0.23,0.23,base
08f391e668030210035f021852dabca1,alt_only,"[""910600796""]",,910600796,"",9,0,0.77,1.0,-0.23,0.23,base
08f3da115eb8818403b3df5f75387e60,alt_only,"[""09426792001""]",,09426792001,"",11,0,0.77,1.0,-0.23,0.23,base
08fa81820124428303c181c054e5964b,alt_only,"[""08007627777""]",,08007627777,"",11,0,0.77,1.0,-0.23,0.23,base
08fa88cd98806c2503508be454babf9f,alt_only,"[""3131912000""]",,3131912000,"",10,0,0.77,1.0,-0.23,0.23,base
08f44ced69d6e2010308e0e270d2fde2,alt_only,"[""+16784340475""]",,16784340475,"",11,0,0.9979,0.77,0.2279,0.2279,alt
08f30cbaa316200e0343d4c48c677352,alt_only,"[""+819034357800""]",,819034357800,"",12,0,0.9828,0.77,0.2128,0.2128,alt
08f1f8ed954e688903d9d4d15500e46f,alt_only,"[""+41442116644""]",,41442116644,"",11,0,0.7928,1.0,-0.2072,0.2072,base
08f2661b7016194a032ee6510609a5e5,alt_only,"[""+13175475439""]",,13175475439,"",11,0,0.7928,1.0,-0.2072,0.2072,base
08f30d9ac062e59103f685900bca2f2b,alt_only,"[""+81924020288""]",,81924020288,"",11,0,0.7928,1.0,-0.2072,0.2072,base
08f438c2a4b2834003ef6d541c6af5db,alt_only,"[""+96824477777""]",,96824477777,"",11,0,0.7928,1.0,-0.2072,0.2072,base
08f4823ad167532903b45bc53a70221e,alt_only,"[""+528000046633""]",,528000046633,"",12,0,0.7928,1.0,-0.2072,0.2072,base
08f4995b9e3aba6c03df20d5c7b3d01a,alt_only,"[""+525557150401""]",,525557150401,"",12,0,0.7928,1.0,-0.2072,0.2072,base
08f4c89a415a309a03d56d43c499f24e,alt_only,"[""+18099496191""]",,18099496191,"",11,0,0.7928,1.0,-0.2072,0.2072,base
08f64a0904d64d0c03a2773fc104703e,alt_only,"[""+6635523773""]",,6635523773,"",10,0,0.7928,1.0,-0.2072,0.2072,base
08f64a5d44030394034f454700680878,alt_only,"[""+66867633080""]",,66867633080,"",11,0,0.7928,1.0,-0.2072,0.2072,base
08f64b37869566c0036e39b102e83ed5,alt_only,"[""+66899975481""]",,66899975481,"",11,0,0.7928,1.0,-0.2072,0.2072,base
08f650690e0cc419036cab2001c8694f,alt_only,"[""+6095081011""]",,6095081011,"",10,0,0.7928,1.0,-0.2072,0.2072,base
08f6515334b4ed5a0366cedaf4c122fb,alt_only,"[""+601115287557""]",,601115287557,"",12,0,0.7928,1.0,-0.2072,0.2072,base
08f651b06c358dad03681f7c98304824,alt_only,"[""+6675211240""]",,6675211240,"",10,0,0.7928,1.0,-0.2072,0.2072,base
08f800882b2f106303ab5fa027239c0c,alt_only,"[""+559832168100""]",,559832168100,"",12,0,0.7928,1.0,-0.2072,0.2072,base
08f8c100e5135acc0320b9849219dda3,alt_only,"[""+62251123456""]",,62251123456,"",11,0,0.7928,1.0,-0.2072,0.2072,base
08fa810624c4cc1d0386f9634f0386e6,alt_only,"[""+551124076576""]",,551124076576,"",12,0,0.7928,1.0,-0.2072,0.2072,base
08fa83120535a54b03b3b2e5732f7962,alt_only,"[""+554131580340""]",,554131580340,"",12,0,0.7928,1.0,-0.2072,0.2072,base
08fa83136c8188e903b91a34b4994790,alt_only,"[""+554132213600""]",,554132213600,"",12,0,0.7928,1.0,-0.2072,0.2072,base
08fa831a5528368003cb9d0c38305d24,alt_only,"[""+554135157446""]",,554135157446,"",12,0,0.7928,1.0,-0.2072,0.2072,base
08fa835d5a864a5903509e47f410055d,alt_only,"[""+554799822116""]",,554799822116,"",12,0,0.7928,1.0,-0.2072,0.2072,base
08fad3618e4a04ea032d5d60f42d16aa,alt_only,"[""+27210075588""]",,27210075588,"",11,0,0.7928,1.0,-0.2072,0.2072,base
08f1e002d2532416034e929d26e8c0f7,alt_only,"[""0901961553""]",,0901961553,"",10,0,0.8806,1.0,-0.1194,0.1194,base
08f4994ad3c34a0003b71debc06f2bad,alt_only,"[""+522222427500""]",,522222427500,"",12,0,0.8973,1.0,-0.1027,0.1027,base
08f392a84676c3560380168c72f33b46,alt_only,"[""+34983801434""]",,34983801434,"",11,0,0.9097,1.0,-0.0903,0.0903,base
08f64a4a728c04f303683f7ce94ba32b,alt_only,"[""+66947763422""]",,66947763422,"",11,0,0.9143,1.0,-0.0857,0.0857,base
08f1eb52136466110372311b39f89b9c,alt_only,"[""+393911478397""]",,393911478397,"",12,0,0.9147,1.0,-0.0853,0.0853,base
08f499585ec4bb6c036a891e6d2ef613,alt_only,"[""+525529520212""]",,525529520212,"",12,0,0.9147,1.0,-0.0853,0.0853,base
08f4995b8c8e572103a6b2d5f746203d,alt_only,"[""+525510841400""]",,525510841400,"",12,0,0.9147,1.0,-0.0853,0.0853,base
08f6d231146cbb8203a6b43c5463e884,alt_only,"[""+529611705432""]",,529611705432,"",12,0,0.9147,1.0,-0.0853,0.0853,base
08f1e880c6d2a21a03dad9931d6666c6,alt_only,"[""+390802223130""]",,390802223130,"",12,0,0.9254,1.0,-0.0746,0.0746,base
08f4995ba06309a80335644dd186b4b6,alt_only,"[""+525554328377""]",,525554328377,"",12,0,0.9254,1.0,-0.0746,0.0746,base
08f49aa86aa4519a038f686a7731008d,alt_only,"[""+523414132334""]",,523414132334,"",12,0,0.9254,1.0,-0.0746,0.0746,base
08f2aad39c474c9c03e6e7b74bca7273,alt_only,"[""+13026457779""]",,13026457779,"",11,0,0.9837,0.9097,0.074,0.074,alt
08fa81025946ecc103d1b16a27945070,alt_only,"[""+551144090000""]",,551144090000,"",12,0,0.9385,1.0,-0.0615,0.0615,base
08fa810c0b8162210323acfef0469761,alt_only,"[""+5513996213384""]",,5513996213384,"",13,0,0.9385,1.0,-0.0615,0.0615,base
08f1f99cd90138550319409766ad93da,alt_only,"[""+390254118298""]",,390254118298,"",12,0,0.9446,1.0,-0.0554,0.0554,base
08f29a4c756c0a6a03806f24e601e3ff,alt_only,"[""+526645206347""]",,526645206347,"",12,0,0.9446,1.0,-0.0554,0.0554,base
08f4995b1028b2210322fef4bce0aa96,alt_only,"[""+525552458422""]",,525552458422,"",12,0,0.9446,1.0,-0.0554,0.0554,base
08f4995b9471b0a40338d22b662d5a58,alt_only,"[""+525543130097""]",,525543130097,"",12,0,0.9446,1.0,-0.0554,0.0554,base
08f4995b9cb4b0c803d12af5825ac267,alt_only,"[""+528181580711""]",,528181580711,"",12,0,0.9446,1.0,-0.0554,0.0554,base
08f60a259b84036a037914eb4b09ff55,alt_only,"[""+919441255089""]",,919441255089,"",12,0,0.9446,1.0,-0.0554,0.0554,base
08f6d20cdc22b60003f00f48b996c255,alt_only,"[""+525552619800""]",,525552619800,"",12,0,0.9446,1.0,-0.0554,0.0554,base
08f18627ad9a9c9503be1254988406fa,alt_only,"[""+33782552440""]",,33782552440,"",11,0,0.9468,1.0,-0.0532,0.0532,base
08f1969045565263037bc7b1b7bf1e37,alt_only,"[""+31318743333""]",,31318743333,"",11,0,0.9468,1.0,-0.0532,0.0532,base
08f1f8eb30a4962d0314c131404d68cc,alt_only,"[""+49751823405""]",,49751823405,"",11,0,0.9468,1.0,-0.0532,0.0532,base
08f2e1a694d262c003bb7b0266c82320,alt_only,"[""+81166348244""]",,81166348244,"",11,0,0.9468,1.0,-0.0532,0.0532,base
08f2e61201a45609033e25ce75cebc54,alt_only,"[""+81789458300""]",,81789458300,"",11,0,0.9468,1.0,-0.0532,0.0532,base
08f4994ad278dba2030555b24af2a5ad,alt_only,"[""+525545109999""]",,525545109999,"",12,0,0.9468,1.0,-0.0532,0.0532,base
08f499586b644a620342160687c22f5f,alt_only,"[""+525576381296""]",,525576381296,"",12,0,0.9468,1.0,-0.0532,0.0532,base
08f2e74958751a8003219681a84e0f4e,alt_only,"[""+81485240089""]",,81485240089,"",11,0,0.9544,1.0,-0.0456,0.0456,base
08f390ca05845b1e035f3debc9e06d88,alt_only,"[""+34643306022""]",,34643306022,"",11,0,0.9544,1.0,-0.0456,0.0456,base
08f499585c4ce41503cf805cb76dc7a9,alt_only,"[""+525556569663""]",,525556569663,"",12,0,0.9544,1.0,-0.0456,0.0456,base
08f4ba9009da40d503ac39796eaf87d8,alt_only,"[""+81980728687""]",,81980728687,"",11,0,0.9544,1.0,-0.0456,0.0456,base
08f184685618614b03a2873cbfc0d0a4,alt_only,"[""+33630561901""]",,33630561901,"",11,0,0.9645,1.0,-0.0355,0.0355,base
08f194d9139a9b620356b2f277cd2741,alt_only,"[""+31118410031""]",,31118410031,"",11,0,0.9645,1.0,-0.0355,0.0355,base
08f1e8052a66522e03092d1ebca3cc32,alt_only,"[""+3906121125495""]",,3906121125495,"",13,0,0.9645,1.0,-0.0355,0.0355,base
08f1e86a833801290324a82fdf51cf13,alt_only,"[""+39076624469""]",,39076624469,"",11,0,0.9645,1.0,-0.0355,0.0355,base
08f1e8828ac4a04b03e9df4bbc9c6e7f,alt_only,"[""+393513136226""]",,393513136226,"",12,0,0.9645,1.0,-0.0355,0.0355,base
08f1fa4c582b323403c3e5a37961c3f9,alt_only,"[""+3232273616""]",,3232273616,"",10,0,0.9645,1.0,-0.0355,0.0355,base
08f1fa6d2a82c6c6030a05ff16f85396,alt_only,"[""+33327486986""]",,33327486986,"",11,0,0.9645,1.0,-0.0355,0.0355,base
08f29a401d62442903fec68faae96b67,alt_only,"[""+18588223273""]",,18588223273,"",11,0,0.9645,1.0,-0.0355,0.0355,base
08f4983ca438bc5b033bac5a072fa3cd,alt_only,"[""+524425612935""]",,524425612935,"",12,0,0.9645,1.0,-0.0355,0.0355,base
08f498c9acd70c4003a8557a61210d68,alt_only,"[""+523737353092""]",,523737353092,"",12,0,0.9645,1.0,-0.0355,0.0355,base
08f499584096653303edab0db7e2b9ab,alt_only,"[""+525556554896""]",,525556554896,"",12,0,0.9645,1.0,-0.0355,0.0355,base
08f4995b9d4208a20380224da236338f,alt_only,"[""+525583202020""]",,525583202020,"",12,0,0.9645,1.0,-0.0355,0.0355,base
08f2e6151a723c5103d08e98e7ded4a2,alt_only,"[""+81775657116""]",,81775657116,"",11,0,0.9649,1.0,-0.0351,0.0351,base
08f6526ac3349c4203dc0d7cba6549d6,alt_only,"[""+6594752559""]",,6594752559,"",10,0,0.9649,1.0,-0.0351,0.0351,base
08f2b012cc75b39b03fce7c942009cfc,alt_only,"[""+19024681826""]",,19024681826,"",11,0,0.9828,1.0,-0.0172,0.0172,base
08f182c15216d16203e6f58c621d500b,alt_only,"[""+35314510438""]",,35314510438,"",11,0,0.9837,1.0,-0.0163,0.0163,base
08f1f88b7202396b039421a666dddf20,alt_only,"[""+498171217782""]",,498171217782,"",12,0,0.9837,1.0,-0.0163,0.0163,base
08f1f9020c252d8d035f6ab8998d7212,alt_only,"[""+33892682304""]",,33892682304,"",11,0,0.9837,1.0,-0.0163,0.0163,base
08f265b4a49aad8403c807ff79640e5b,alt_only,"[""+15018515350""]",,15018515350,"",11,0,0.9837,1.0,-0.0163,0.0163,base
08f2663a6e140095038779db6731c181,alt_only,"[""+18129172558""]",,18129172558,"",11,0,0.9837,1.0,-0.0163,0.0163,base
08f2681a5dd0d6b303b66abf759ffcae,alt_only,"[""+13034272128""]",,13034272128,"",11,0,0.9837,1.0,-0.0163,0.0163,base
08f268526bb45af50340c28883fc0c36,alt_only,"[""+19704989070""]",,19704989070,"",11,0,0.9837,1.0,-0.0163,0.0163,base
08f26e859b15cc0a0323c755b218aeb7,alt_only,"[""+19184554333""]",,19184554333,"",11,0,0.9837,1.0,-0.0163,0.0163,base
08f29a4d66d26d9903959dd6a159ac71,alt_only,"[""+526616130215""]",,526616130215,"",12,0,0.9837,1.0,-0.0163,0.0163,base
08f2a10725353a42033a6d2ead5859a2,alt_only,"[""+19299245047""]",,19299245047,"",11,0,0.9837,1.0,-0.0163,0.0163,base
08f2a12050268a530324d17797694ac7,alt_only,"[""+16102537787""]",,16102537787,"",11,0,0.9837,1.0,-0.0163,0.0163,base
08f2a134cd89404003d3bdebaf0660e0,alt_only,"[""+12103452000""]",,12103452000,"",11,0,0.9837,1.0,-0.0163,0.0163,base
08f2a143a2aea428033ac8f069c43517,alt_only,"[""+12035746000""]",,12035746000,"",11,0,0.9837,1.0,-0.0163,0.0163,base
08f2aa650405da4d03ac202ae41b574e,alt_only,"[""+17166460233""]",,17166460233,"",11,0,0.9837,1.0,-0.0163,0.0163,base
08f396cb6912ad000340ccfcbe06ce49,alt_only,"[""+33475462232""]",,33475462232,"",11,0,0.9837,1.0,-0.0163,0.0163,base
08f44a82ab1838a3034910ae3db51e7f,alt_only,"[""+13213272164""]",,13213272164,"",11,0,0.9837,1.0,-0.0163,0.0163,base
08f44ab86941b2c003a278334d573e41,alt_only,"[""+13214494498""]",,13214494498,"",11,0,0.9837,1.0,-0.0163,0.0163,base
08f485bb0805d1b503b342847dc4f71d,alt_only,"[""+526865910428""]",,526865910428,"",12,0,0.9837,1.0,-0.0163,0.0163,base
08f489546c8e4b9b03a5b4c22503cd42,alt_only,"[""+13617281865""]",,13617281865,"",11,0,0.9837,1.0,-0.0163,0.0163,base
08f48a207109565603f5020f2b700fe4,alt_only,"[""+528183339108""]",,528183339108,"",12,0,0.9837,1.0,-0.0163,0.0163,base
08f499096b78cced0379be0c7ed689ef,alt_only,"[""+522411149639""]",,522411149639,"",12,0,0.9837,1.0,-0.0163,0.0163,base
08f4995b820d0700036453215bbd45a3,alt_only,"[""+525546116126""]",,525546116126,"",12,0,0.9837,1.0,-0.0163,0.0163,base
08f4995b926ea6030351c7cdf039096d,alt_only,"[""+525532299835""]",,525532299835,"",12,0,0.9837,1.0,-0.0163,0.0163,base
08f49a2aca01963603f875250041dd50,alt_only,"[""+527551016090""]",,527551016090,"",12,0,0.9837,1.0,-0.0163,0.0163,base
08f49a8381a4d0f303240f2cdfbb374f,alt_only,"[""+523330284289""]",,523330284289,"",12,0,0.9837,1.0,-0.0163,0.0163,base
08f4b60c0a9704c003976d9e50759cd3,alt_only,"[""+81974222222""]",,81974222222,"",11,0,0.9837,1.0,-0.0163,0.0163,base
08f60319aab14340039e512530e823a9,alt_only,"[""+914865263788""]",,914865263788,"",12,0,0.9837,1.0,-0.0163,0.0163,base
08f6d23b1c0e0528036e8005470f0d09,alt_only,"[""+529676774030""]",,529676774030,"",12,0,0.9837,1.0,-0.0163,0.0163,base
08f1f984007324a103006beac17ac2eb,alt_only,"[""+390114814107""]",,390114814107,"",12,0,0.9909,1.0,-0.0091,0.0091,base
08f4995855a6533403ec86ef01b1eb5c,alt_only,"[""+525556732347""]",,525556732347,"",12,0,0.9909,1.0,-0.0091,0.0091,base
08f499daaeaf338203c61a044f43c413,alt_only,"[""+524447934671""]",,524447934671,"",12,0,0.9909,1.0,-0.0091,0.0091,base
08f49b32f4c994410332aedfbe6eba8a,alt_only,"[""+525585318601""]",,525585318601,"",12,0,0.9909,1.0,-0.0091,0.0091,base
08f6505548320400038e09944546175a,alt_only,"[""+60169688028""]",,60169688028,"",11,0,0.9909,1.0,-0.0091,0.0091,base
08f6d231a2d0e8a603781ab4b4091872,alt_only,"[""+529616155754""]",,529616155754,"",12,0,0.9909,1.0,-0.0091,0.0091,base
08f800554892e902035ab8d046512579,alt_only,"[""+558621072200""]",,558621072200,"",12,0,0.9909,1.0,-0.0091,0.0091,base
08fa8a24db31960803821dda60cd93ed,alt_only,"[""+5522992616265""]",,5522992616265,"",13,0,0.9909,1.0,-0.0091,0.0091,base
08f08996aa19640503998575bf5e624f,alt_only,"[""+358401763581""]",,358401763581,"",12,0,0.9963,1.0,-0.0037,0.0037,base
08f195971000eb2903671cb0c6d2e793,alt_only,"[""+441202555402""]",,441202555402,"",12,0,0.9963,1.0,-0.0037,0.0037,base
08f1b99392b6805b035189fa623f348b,alt_only,"[""+17096514180""]",,17096514180,"",11,0,0.9963,1.0,-0.0037,0.0037,base
08f264d8dc6c13b603bcc88818af0555,alt_only,"[""+16158734517""]",,16158734517,"",11,0,0.9963,1.0,-0.0037,0.0037,base
08f2664c1ac147b303398c7666393849,alt_only,"[""+13124630331""]",,13124630331,"",11,0,0.9963,1.0,-0.0037,0.0037,base
08f26c80e668a31403ae0dccda17e22d,alt_only,"[""+14693701836""]",,14693701836,"",11,0,0.9963,1.0,-0.0037,0.0037,base
08f44d980616a50b03384bab50f545d3,alt_only,"[""+18282546329""]",,18282546329,"",11,0,0.9963,1.0,-0.0037,0.0037,base
08f464958698c96b0343cd929747dd7b,alt_only,"[""+18082363898""]",,18082363898,"",11,0,0.9963,1.0,-0.0037,0.0037,base
08f489c0023980760336670786015d89,alt_only,"[""+12105162017""]",,12105162017,"",11,0,0.9963,1.0,-0.0037,0.0037,base
08f260e2096121120300fe38e9d19185,alt_only,"[""+14024935807""]",,14024935807,"",11,0,0.9979,1.0,-0.0021,0.0021,base
281474977374045,alt_only,"[""6034248245""]",,6034248245,"",10,0,0.77,0.77,0.0,0.0,tied
281474979747202,alt_only,"[""7819320076""]",,7819320076,"",10,0,0.77,0.77,0.0,0.0,tied
08f48e5b656d2c2303257e206ee3119d,base_only,,"[""662 289 1900""]","",6622891900,0,10,0.2867,1.0,-0.7133,0.7133,base
08fa8ad122d95199039a81da5b67ba82,base_only,,"[""(35) 3722-1514""]","",3537221514,0,10,0.3942,1.0,-0.6058,0.6058,base
08f2f5a155ced52403bfcfc20b6072c4,base_only,,"[""043-463-6651""]","",0434636651,0,10,0.481,1.0,-0.519,0.519,base
08f2f5aa91d808f303baa5e8aa5462ce,base_only,,"[""047-327-0660""]","",0473270660,0,10,0.481,1.0,-0.519,0.519,base
08f450a1b2d1300a0300a91979dbc1c8,base_only,,"[""984 873 1031""]","",9848731031,0,10,0.481,1.0,-0.519,0.519,base
08f274dac432a46d0350a0c30ee88636,base_only,,"[""(248) 623-3600""]","",2486233600,0,10,0.6214,1.0,-0.3786,0.3786,base
08f2aae57264c5180369377f2f5e3d4a,base_only,,"[""(717) 263-5434""]","",7172635434,0,10,0.6214,1.0,-0.3786,0.3786,base
08f2f5a0d1c9ab24033c27c71bfee905,base_only,,"[""0297-58-6767""]","",0297586767,0,10,0.6214,1.0,-0.3786,0.3786,base
08fb9168289114c2032dab89f5367bef,base_only,,"[""(08) 8293 5366""]","",0882935366,0,10,0.6214,1.0,-0.3786,0.3786,base
08f2e614569a86580306294dc87fd829,base_only,,"[""+81752111215""]","",81752111215,0,11,0.6214,0.9645,-0.3431,0.3431,base
08f2a95633c2bb9003cff09de0014d1e,base_only,,"[""6143372200""]","",6143372200,0,10,0.481,0.77,-0.289,0.289,base
08f19529a04450ce03f4b74fa2157fcd,base_only,,"[""028 9151 7817""]","",02891517817,0,11,0.77,1.0,-0.23,0.23,base
08f1e037ac61a06603d8c3cb00ff9a6b,base_only,,"[""06 30 411 1535""]","",06304111535,0,11,0.77,1.0,-0.23,0.23,base
08f424927109622803649838ac7eb6a2,base_only,,"[""091180 01200""]","",09118001200,0,11,0.77,1.0,-0.23,0.23,base
08f39440da903472032498aa261a5743,base_only,,"[""937 47 36 18""]","",937473618,0,9,0.7928,1.0,-0.2072,0.2072,base
08f650512ab02c2603d39e8e6b9c914a,base_only,,"[""+601119990378""]","",601119990378,0,12,0.481,0.2869,0.1942,0.1942,alt
08f195cacc4a555003fe8e0897317627,base_only,,"[""02476608100""]","",02476608100,0,11,0.77,0.77,0.0,0.0,tied
08f2a1340ea313910338f0d15a4b7f1f,base_only,,"[""8566388170""]","",8566388170,0,10,0.77,0.77,0.0,0.0,tied
08f42c28e6d9658c03ffd85b2292fe54,base_only,,"[""09904988939""]","",09904988939,0,11,0.77,0.77,0.0,0.0,tied
08f11aa78c7ad0e5034e75b4b7abd882,true_conflict,"[""+74993942724""]","[""8 (495) 953-12-14""]",74993942724,84959531214,11,11,0.2009,1.0,-0.7991,0.7991,base
08fa96e0d31aaa0003dff57d6d7652d6,true_conflict,"[""+543624450065""]","[""03722 45-0065""]",543624450065,03722450065,12,11,0.2009,1.0,-0.7991,0.7991,base
08f1fb42c24620c5034d202923cfa396,true_conflict,"[""+33682384940""]","[""01 60 27 12 84""]",33682384940,0160271284,11,10,0.2315,1.0,-0.7685,0.7685,base
08f2a956ac1630aa03e6d4de8f9c3db5,true_conflict,"[""+61489034933""]","[""(614) 890-3493""]",61489034933,6148903493,11,10,0.2315,1.0,-0.7685,0.7685,base
08fa81008c25d6b2034056ee927c5840,true_conflict,"[""+5511972918588""]","[""(11) 2269-0030""]",5511972918588,1122690030,13,10,0.2315,1.0,-0.7685,0.7685,base
08f3f6155adb4800030ff0e1a6f584ea,true_conflict,"[""+904446262""]","[""(0258) 374 02 58""]",904446262,02583740258,9,11,0.2823,1.0,-0.7177,0.7177,base
08f1fb466291c8710318d6f00eca3f9d,true_conflict,"[""+33952548356""]","[""01 42 46 36 31""]",33952548356,0142463631,11,10,0.2867,1.0,-0.7133,0.7133,base
08f1fb5819858c0e03d5420cb6ec5b99,true_conflict,"[""+33656559724""]","[""09 82 28 72 03""]",33656559724,0982287203,11,10,0.2867,1.0,-0.7133,0.7133,base
08f2830c62ad92480302e79197e2c157,true_conflict,"[""+19259062000""]","[""(925) 555-5555""]",19259062000,9255555555,11,10,0.2867,1.0,-0.7133,0.7133,base
08f2aaab4d4c0d620325d61d2ce778c7,true_conflict,"[""+18003326858""]","[""(703) 440-1041""]",18003326858,7034401041,11,10,0.2867,1.0,-0.7133,0.7133,base
08f4994ad07746e8036df3a0d1fd3ccb,true_conflict,"[""+522226194404""]","[""222 237 8001""]",522226194404,2222378001,12,10,0.2867,1.0,-0.7133,0.7133,base
08f66e090c896d5d0364d4aefdf74788,true_conflict,"[""+573232176290""]","[""5713373303""]",573232176290,5713373303,12,10,0.2867,1.0,-0.7133,0.7133,base
08f806a3a6c1279103bd64ca153416f3,true_conflict,"[""+559632811302""]","[""(96) 3281-1861""]",559632811302,9632811861,12,10,0.2867,1.0,-0.7133,0.7133,base
08f9451db1964b96039e06921495c343,true_conflict,"[""+61889456402""]","[""(08) 9172 2062""]",61889456402,0891722062,11,10,0.2867,1.0,-0.7133,0.7133,base
08f2a33d337235160341eb36de1b0940,true_conflict,"[""+15088201600""]","[""(508) 624-9191""]",15088201600,5086249191,11,10,0.2869,1.0,-0.7131,0.7131,base
08f3c0acd08b018503aa77c1d93d56e0,true_conflict,"[""+919883841149""]","[""+918974947599""]",919883841149,918974947599,12,12,0.9446,0.2315,0.713,0.713,alt
08f1f916e27045180352f04913bc42cc,true_conflict,"[""+33155215840""]","[""+33825020020""]",33155215840,33825020020,11,11,0.2869,0.9837,-0.6969,0.6969,base
08f1e88cd5cb0735039d5d6c5e702596,true_conflict,"[""+390883565578""]","[""0883 885945""]",390883565578,0883885945,12,10,0.3942,1.0,-0.6058,0.6058,base
08f1f204d50c3a4a036f3e1b5e6bfa86,true_conflict,"[""+4520156198""]","[""23 60 37 08""]",4520156198,23603708,10,8,0.3942,1.0,-0.6058,0.6058,base
08f275cb024aa98d03ba3c30dd77717d,true_conflict,"[""+19207396971""]","[""(920) 221-7821""]",19207396971,9202217821,11,10,0.3942,1.0,-0.6058,0.6058,base
08f44a98cd3ad65803377d4d8047eaac,true_conflict,"[""+18009443405""]","[""(800) 928-2274""]",18009443405,8009282274,11,10,0.3942,1.0,-0.6058,0.6058,base
08fa811d50085918035e4047278248f0,true_conflict,"[""+551533296359""]","[""(15) 3329-6300""]",551533296359,1533296300,12,10,0.3942,1.0,-0.6058,0.6058,base
08f3da11a880352a03e1b552a441aa16,true_conflict,"[""+919382222227""]","[""+919315222227""]",919382222227,919315222227,12,12,0.3942,0.9649,-0.5708,0.5708,base
08f2a8472eb0372603d0a2542fe88cc8,true_conflict,"[""+18009443405""]","[""(800) 928-2274""]",18009443405,8009282274,11,10,0.481,1.0,-0.519,0.519,base
08f2ad619319c8d203917c31e8d4c6fe,true_conflict,"[""+19199240665""]","[""(919) 258-0459""]",19199240665,9192580459,11,10,0.481,1.0,-0.519,0.519,base
08f30d9a464a62c003c76c85072df561,true_conflict,"[""+81929625111""]","[""092-962-5511""]",81929625111,0929625511,11,10,0.481,1.0,-0.519,0.519,base
08f444381a58e79b03f8e497300cac10,true_conflict,"[""+16014425669""]","[""(601) 442-6858""]",16014425669,6014426858,11,10,0.481,1.0,-0.519,0.519,base
08f4446420bb12c003a28fe9807b4a7d,true_conflict,"[""+18004277247""]","[""(504) 533-6000""]",18004277247,5045336000,11,10,0.481,1.0,-0.519,0.519,base
08f44a9ba64f038d03c3e379ed796485,true_conflict,"[""+19788153778""]","[""(863) 547-1200""]",19788153778,8635471200,11,10,0.481,1.0,-0.519,0.519,base
08f44f01b002bae60364d7d499412a15,true_conflict,"[""+19042785048""]","[""(904) 264-8621""]",19042785048,9042648621,11,10,0.481,1.0,-0.519,0.519,base
08f6416c80c2e32d036ff9363f5eaa7c,true_conflict,"[""+66925597201""]","[""032 459 293""]",66925597201,032459293,11,9,0.481,1.0,-0.519,0.519,base
08f694ec021238e503021640506c6b62,true_conflict,"[""+639171923906""]","[""6324946159""]",639171923906,6324946159,12,10,0.481,1.0,-0.519,0.519,base
08fa810394ce9a0003eabeff0516b3b1,true_conflict,"[""+551139756418""]","[""(11) 3998-9853""]",551139756418,1139989853,12,10,0.481,1.0,-0.519,0.519,base
08fa81070968a62c03384b06a272951c,true_conflict,"[""+5511988375054""]","[""(11) 3437-7450""]",5511988375054,1134377450,13,10,0.481,1.0,-0.519,0.519,base
08fa813b222f2c1e03f7aca38bf90b4e,true_conflict,"[""+551932337525""]","[""(19) 3203-7525""]",551932337525,1932037525,12,10,0.481,1.0,-0.519,0.519,base
08fa85b26c28070403773a0e47277204,true_conflict,"[""+556536662067""]","[""(65) 3052-0088""]",556536662067,6530520088,12,10,0.481,1.0,-0.519,0.519,base
08fa88cdb3c607750347ea67c3c3113e,true_conflict,"[""+5531992575420""]","[""(31) 3277-2200""]",5531992575420,3132772200,13,10,0.481,1.0,-0.519,0.519,base
08fa8a0616ab368803d524b7aecb4297,true_conflict,"[""+5521980750888""]","[""(21) 2567-6036""]",5521980750888,2125676036,13,10,0.481,1.0,-0.519,0.519,base
08f186b6ca96aac003075fe4e8c7df44,true_conflict,"[""+33556389479""]","[""05 56 01 15 95""]",33556389479,0556011595,11,10,0.6214,1.0,-0.3786,0.3786,base
08f194814a0e6c5003fece081f4261a9,true_conflict,"[""+33769943314""]","[""07 61 43 89 06""]",33769943314,0761438906,11,10,0.6214,1.0,-0.3786,0.3786,base
08f1e2e22d4cc14003d9c0dc5f8789d0,true_conflict,"[""+48413788045""]","[""41 378 33 18""]",48413788045,413783318,11,9,0.6214,1.0,-0.3786,0.3786,base
08f1f8591a54d1a6035e577189f681fc,true_conflict,"[""+4968181010""]","[""04968 261880""]",4968181010,04968261880,10,11,0.6214,1.0,-0.3786,0.3786,base
08f1f9925a0102b40334fdcbede94f22,true_conflict,"[""+390309650455""]","[""030 965 6323""]",390309650455,0309656323,12,10,0.6214,1.0,-0.3786,0.3786,base
08f1fb432c6d432b030f6b6a47ed6ec0,true_conflict,"[""+33892353535""]","[""01 42 14 20 00""]",33892353535,0142142000,11,10,0.6214,1.0,-0.3786,0.3786,base
08f4995b8b14a09003421c303ebeea28,true_conflict,"[""+525553885883""]","[""55 5388 5758""]",525553885883,5553885758,12,10,0.6214,1.0,-0.3786,0.3786,base
08f4995b8d5a894e03e841aa316ed5a7,true_conflict,"[""+5215552636500""]","[""55 5318 9900""]",5215552636500,5553189900,13,10,0.6214,1.0,-0.3786,0.3786,base
08f64a40d6735b5a03952a0aab95b722,true_conflict,"[""+6635930651""]","[""035 245 144""]",6635930651,035245144,10,9,0.6214,1.0,-0.3786,0.3786,base
08fa8100e86e6075038ad329fbd24a96,true_conflict,"[""+551125379497""]","[""(11) 2537-9487""]",551125379497,1125379487,12,10,0.6214,1.0,-0.3786,0.3786,base
08f195e2017138a60344368b12283837,true_conflict,"[""+101982553608""]","[""03301230764""]",101982553608,03301230764,12,11,0.3942,0.77,-0.3758,0.3758,base
08f4143696230cde032dc140c3f02fba,true_conflict,"[""+84968964286""]","[""+8419007334""]",84968964286,8419007334,11,10,0.6311,0.2869,0.3443,0.3443,alt
08f1ef5104568ad603ef63e57f135953,true_conflict,"[""+38134723777""]","[""+38163623777""]",38134723777,38163623777,11,11,0.481,0.7928,-0.3118,0.3118,base
08f260d84244933003336dab587f799b,true_conflict,"[""+18007278924""]","[""5152569151""]",18007278924,5152569151,11,10,0.481,0.77,-0.289,0.289,base
08f195c3114b564803a190cead6e718d,true_conflict,"[""03456003934""]","[""0345 720 3040""]",03456003934,03457203040,11,11,0.77,1.0,-0.23,0.23,base
08f195d8f428020003c5e777be6c8dab,true_conflict,"[""01908984924""]","[""01908 103797""]",01908984924,01908103797,11,11,0.77,1.0,-0.23,0.23,base
08f1e15b0b2cbc5303c99047c56c8812,true_conflict,"[""0186943910""]","[""01 869439186090""]",0186943910,01869439186090,10,14,0.77,1.0,-0.23,0.23,base
08f1eb1929c8604503e5996883859eec,true_conflict,"[""3470455420""]","[""0586 793377""]",3470455420,0586793377,10,10,0.77,1.0,-0.23,0.23,base
08f1f1a732635ab303e43536cf885561,true_conflict,"[""040593551111""]","[""036602 519387""]",040593551111,036602519387,12,12,0.77,1.0,-0.23,0.23,base
08f1f8120960ecb603778517e167edf6,true_conflict,"[""075812020""]","[""04975 7174000""]",075812020,049757174000,9,12,0.77,1.0,-0.23,0.23,base
08f1f88745776ce2035b82c473f5455e,true_conflict,"[""06644036635""]","[""0699 10555820""]",06644036635,069910555820,11,12,0.77,1.0,-0.23,0.23,base
08f1f984020a6a4503aafa606b86ea48,true_conflict,"[""3497525429""]","[""333 442 7714""]",3497525429,3334427714,10,10,0.77,1.0,-0.23,0.23,base
08f1fa562dca17a403f1b942fafa18ea,true_conflict,"[""021813239""]","[""04921 823239""]",021813239,04921823239,9,11,0.77,1.0,-0.23,0.23,base
08f26244e52d929803ddae32e881cfd8,true_conflict,"[""2188417010""]","[""(218) 847-0332""]",2188417010,2188470332,10,10,0.77,1.0,-0.23,0.23,base
08f264626394cd4b030ac3f573c76061,true_conflict,"[""8444018500""]","[""(800) 432-1000""]",8444018500,8004321000,10,10,0.77,1.0,-0.23,0.23,base
08f2661b21895b210306896855369f9a,true_conflict,"[""2078747483""]","[""(317) 578-0543""]",2078747483,3175780543,10,10,0.77,1.0,-0.23,0.23,base
08f275802d4745a4036f3b1a815dd617,true_conflict,"[""8883402265""]","[""(888) 340-2285""]",8883402265,8883402285,10,10,0.77,1.0,-0.23,0.23,base
08f275997435e5300384496692e0a4e7,true_conflict,"[""2626191233""]","[""(262) 619-1231""]",2626191233,2626191231,10,10,0.77,1.0,-0.23,0.23,base
08f2884264903c5e035a2273b1a1c320,true_conflict,"[""2084546783""]","[""(208) 402-6089""]",2084546783,2084026089,10,10,0.77,1.0,-0.23,0.23,base
08f28d542c8d230903943451a3bc73cf,true_conflict,"[""2067552683""]","[""(206) 625-1255""]",2067552683,2066251255,10,10,0.77,1.0,-0.23,0.23,base
08f2986ab206c300039901e1848d8d8a,true_conflict,"[""7026572300""]","[""(702) 633-4282""]",7026572300,7026334282,10,10,0.77,1.0,-0.23,0.23,base
08f2a1005ec5b25103c6d1cfddf2e8a1,true_conflict,"[""9294602198""]","[""(718) 479-6200""]",9294602198,7184796200,10,10,0.77,1.0,-0.23,0.23,base
08f2a847353b36aa03aee699c7cd4a9c,true_conflict,"[""4126263259""]","[""(412) 362-0575""]",4126263259,4123620575,10,10,0.77,1.0,-0.23,0.23,base
08f2a94b5c82d0e903a60abf30eac71f,true_conflict,"[""4199333012""]","[""(419) 964-5380""]",4199333012,4199645380,10,10,0.77,1.0,-0.23,0.23,base
08f2a9c605b95b5b038d908ed5b8e134,true_conflict,"[""3042722500""]","[""(304) 522-9052""]",3042722500,3045229052,10,10,0.77,1.0,-0.23,0.23,base
08f2ab2c140c5d5103992fa68fe3e10f,true_conflict,"[""8334042672""]","[""(866) 544-6741""]",8334042672,8665446741,10,10,0.77,1.0,-0.23,0.23,base
08f2f5a201d8650503802c7aa2edad1b,true_conflict,"[""0570080284""]","[""048-813-6131""]",0570080284,0488136131,10,10,0.77,1.0,-0.23,0.23,base
08f344ca533ad7420397c7c967bcd5c0,true_conflict,"[""928988565""]","[""928 98 85 67""]",928988565,928988567,9,9,0.77,1.0,-0.23,0.23,base
08f3cf289319db8203da952b074967d0,true_conflict,"[""09426792001""]","[""1800 202 6161""]",09426792001,18002026161,11,11,0.77,1.0,-0.23,0.23,base
08f42c276614bad9031064c036045443,true_conflict,"[""09426792001""]","[""075739 19585""]",09426792001,07573919585,11,11,0.77,1.0,-0.23,0.23,base
08f441a5a3b7474903f72b79ec32b831,true_conflict,"[""8002421227""]","[""(863) 688-1188""]",8002421227,8636881188,10,10,0.77,1.0,-0.23,0.23,base
08f444c326cc569403f1cd91a79e2a49,true_conflict,"[""3186815282""]","[""(318) 681-1630""]",3186815282,3186811630,10,10,0.77,1.0,-0.23,0.23,base
08f44a132509095503d60cc369e28730,true_conflict,"[""9542171720""]","[""(954) 314-7001""]",9542171720,9543147001,10,10,0.77,1.0,-0.23,0.23,base
08f44a93a64e1cb6034a02ec987bd928,true_conflict,"[""8582554111""]","[""(858) 324-4111""]",8582554111,8583244111,10,10,0.77,1.0,-0.23,0.23,base
08f44dd545c0313303fc66e60e99f054,true_conflict,"[""8642012000""]","[""(864) 255-3775""]",8642012000,8642553775,10,10,0.77,1.0,-0.23,0.23,base
08f48932e69a12dd03d5671400e23b78,true_conflict,"[""9797329683""]","[""(979) 942-3365""]",9797329683,9799423365,10,10,0.77,1.0,-0.23,0.23,base
08f498ed76d5c9910311aee52ebc06bc,true_conflict,"[""4771044811""]","[""477 104 4700""]",4771044811,4771044700,10,10,0.77,1.0,-0.23,0.23,base
08f60312d529e7460304cf01a561255d,true_conflict,"[""09426792001""]","[""075739 19585""]",09426792001,07573919585,11,11,0.77,1.0,-0.23,0.23,base
08f6032b422038ae0397da951f43c58a,true_conflict,"[""09426792001""]","[""075739 19585""]",09426792001,07573919585,11,11,0.77,1.0,-0.23,0.23,base
08f608b0b3750ae1036f8d8ec9a9e6d2,true_conflict,"[""09426792001""]","[""1800 202 6161""]",09426792001,18002026161,11,11,0.77,1.0,-0.23,0.23,base
08f608e24e051caa038ebb5f04c7c953,true_conflict,"[""09426792001""]","[""020 6160 6161""]",09426792001,02061606161,11,11,0.77,1.0,-0.23,0.23,base
08f618925369418303e5a2240dc89c5b,true_conflict,"[""09426792001""]","[""075739 19585""]",09426792001,07573919585,11,11,0.77,1.0,-0.23,0.23,base
08f618c44a0de8b303ba82ea6c944963,true_conflict,"[""09426792001""]","[""075739 19585""]",09426792001,07573919585,11,11,0.77,1.0,-0.23,0.23,base
08f618c49a7528c003ccdd6a1e4805b9,true_conflict,"[""09426792001""]","[""075739 19585""]",09426792001,07573919585,11,11,0.77,1.0,-0.23,0.23,base
08fa8100ea3700da03371e2a51724c83,true_conflict,"[""1128324400""]","[""(11) 5054-9267""]",1128324400,1150549267,10,10,0.77,1.0,-0.23,0.23,base
08fa811635885780037babf1ddaa47d3,true_conflict,"[""19994007492""]","[""(19) 99264-7619""]",19994007492,19992647619,11,11,0.77,1.0,-0.23,0.23,base
08fa81394936b50c037616e54cbba05f,true_conflict,"[""08009792020""]","[""(19) 3876-0634""]",08009792020,1938760634,11,10,0.77,1.0,-0.23,0.23,base
08f1f1d48823204b0359a6c51b3c437f,true_conflict,"[""+493027576263""]","[""03027576541""]",493027576263,03027576541,12,11,0.9979,0.77,0.2279,0.2279,alt
08f2660d202340aa0316e3f6ed6136e5,true_conflict,"[""+18152050807""]","[""8155735855""]",18152050807,8155735855,11,10,0.9979,0.77,0.2279,0.2279,alt
08f28d4359675b9803b61810d1c1f565,true_conflict,"[""+14255295771""]","[""4254323352""]",14255295771,4254323352,11,10,0.9979,0.77,0.2279,0.2279,alt
08f2a10a912559580358a0682614eba3,true_conflict,"[""+15167965500""]","[""8772725787""]",15167965500,8772725787,11,10,0.9979,0.77,0.2279,0.2279,alt
08f4413c5b45680503c7a24935699dee,true_conflict,"[""+12392622000""]","[""2393944100""]",12392622000,2393944100,11,10,0.9979,0.77,0.2279,0.2279,alt
08f44a905e8dd14303c15a8283faa4b5,true_conflict,"[""+14072718518""]","[""6894445561""]",14072718518,6894445561,11,10,0.9979,0.77,0.2279,0.2279,alt
08f44c2011985b0e030204dcf297b66d,true_conflict,"[""+17063609400""]","[""7063030945""]",17063609400,7063030945,11,10,0.9979,0.77,0.2279,0.2279,alt
08f48ebb4851970903f9e70e6c491185,true_conflict,"[""+14807053230""]","[""8333467029""]",14807053230,8333467029,11,10,0.9979,0.77,0.2279,0.2279,alt
08fa8a078a2b1ca803aa5f70d531b12a,true_conflict,"[""+558007796761""]","[""08007732732""]",558007796761,08007732732,12,11,0.9979,0.77,0.2279,0.2279,alt
08f194655d62401d03ba5556da58e115,true_conflict,"[""+441642044638""]","[""01642673141""]",441642044638,01642673141,12,11,0.9963,0.77,0.2263,0.2263,alt
08f19591706c64da03129d164b8f37ea,true_conflict,"[""+448456008545""]","[""03330035883""]",448456008545,03330035883,12,11,0.9963,0.77,0.2263,0.2263,alt
08f195c0a02a5b1603f7b7d894823773,true_conflict,"[""+441902903966""]","[""01902851999""]",441902903966,01902851999,12,11,0.9963,0.77,0.2263,0.2263,alt
08f1ea4c402c36690356e3ca028ae6f9,true_conflict,"[""+390454500300""]","[""3516989156""]",390454500300,3516989156,12,10,0.9963,0.77,0.2263,0.2263,alt
08f1f1d48149303303581d063afa1b3a,true_conflict,"[""+49303449043""]","[""030344904344""]",49303449043,030344904344,11,12,0.9963,0.77,0.2263,0.2263,alt
08f264d133962a4d03f03f3066a92a36,true_conflict,"[""+16152485100""]","[""6157634518""]",16152485100,6157634518,11,10,0.9963,0.77,0.2263,0.2263,alt
08f266daddb24aaa03e644de71b831ee,true_conflict,"[""+18596297200""]","[""8592631280""]",18596297200,8592631280,11,10,0.9963,0.77,0.2263,0.2263,alt
08f2681a31808050037d5e7ecf9e1b01,true_conflict,"[""+13034433250""]","[""7209070926""]",13034433250,7209070926,11,10,0.9963,0.77,0.2263,0.2263,alt
08f26caa1bc29d99039ac2458f9731a3,true_conflict,"[""+18172705716""]","[""8172705838""]",18172705716,8172705838,11,10,0.9963,0.77,0.2263,0.2263,alt
08f2830821b736ce03f60c9e1b6174d5,true_conflict,"[""+14153300270""]","[""4153300290""]",14153300270,4153300290,11,10,0.9963,0.77,0.2263,0.2263,alt
08f2832144c15018033b04c5ec312b53,true_conflict,"[""+19169899217""]","[""9164580730""]",19169899217,9164580730,11,10,0.9963,0.77,0.2263,0.2263,alt
08f28d542cd40b7003f501913b0c950b,true_conflict,"[""+18445204806""]","[""8446129271""]",18445204806,8446129271,11,10,0.9963,0.77,0.2263,0.2263,alt
08f29a1baeb2832203e9d467f859f591,true_conflict,"[""+18058348742""]","[""8055770926""]",18058348742,8055770926,11,10,0.9963,0.77,0.2263,0.2263,alt
08f29a54c6cd42000358d225b83fe15b,true_conflict,"[""+19494492309""]","[""9497186900""]",19494492309,9497186900,11,10,0.9963,0.77,0.2263,0.2263,alt
08f2a10088af4caa038f9e6ea55b2119,true_conflict,"[""+18003171392""]","[""6466981800""]",18003171392,6466981800,11,10,0.9963,0.77,0.2263,0.2263,alt
08f2a12723b2a10903f71bb0370efb66,true_conflict,"[""+16102623930""]","[""6102629492""]",16102623930,6102629492,11,10,0.9963,0.77,0.2263,0.2263,alt
08f2a135a9a816a6031f842f52511bb1,true_conflict,"[""+12676214823""]","[""2159426625""]",12676214823,2159426625,11,10,0.9963,0.77,0.2263,0.2263,alt
08f2a13d500ec592038947279db72951,true_conflict,"[""+16094369525""]","[""6096551448""]",16094369525,6096551448,11,10,0.9963,0.77,0.2263,0.2263,alt
08f2a34c98322865039114f213a2ebe2,true_conflict,"[""+12074196229""]","[""2079983667""]",12074196229,2079983667,11,10,0.9963,0.77,0.2263,0.2263,alt
08f2a9560235585103d35ec2f4513b74,true_conflict,"[""+16142393254""]","[""6147597285""]",16142393254,6147597285,11,10,0.9963,0.77,0.2263,0.2263,alt
08f2aa86b586910c0373eccaa109df1d,true_conflict,"[""+15715694069""]","[""7033601045""]",15715694069,7033601045,11,10,0.9963,0.77,0.2263,0.2263,alt
08f2aac6c880490d0366d0ef3078177a,true_conflict,"[""+14106791000""]","[""4106791064""]",14106791000,4106791064,11,10,0.9963,0.77,0.2263,0.2263,alt
08f2ab174c13156b0390efabde69bef7,true_conflict,"[""+13307424426""]","[""3307424264""]",13307424426,3307424264,11,10,0.9963,0.77,0.2263,0.2263,alt
08f2f5aad652c94003665529a4a221a5,true_conflict,"[""+815017055665""]","[""0366667786""]",815017055665,0366667786,12,10,0.9963,0.77,0.2263,0.2263,alt
08f446ca8ebab52803cf5796bbf96a11,true_conflict,"[""+17134417465""]","[""7134412779""]",17134417465,7134412779,11,10,0.9963,0.77,0.2263,0.2263,alt
08f446d5a2010d8203f9b431b01c55a8,true_conflict,"[""+19367035200""]","[""8666833876""]",19367035200,8666833876,11,10,0.9963,0.77,0.2263,0.2263,alt
08f44eb2652a9ce603b0cd47cc2e14c8,true_conflict,"[""+12562904904""]","[""2565393896""]",12562904904,2565393896,11,10,0.9963,0.77,0.2263,0.2263,alt
08f48e96985051a6032d81e4eff8b7d7,true_conflict,"[""+16027821587""]","[""6022322295""]",16027821587,6022322295,11,10,0.9963,0.77,0.2263,0.2263,alt
08f48eba2a46c52d03481eadd18b4c17,true_conflict,"[""+14805078911""]","[""6026006462""]",14805078911,6026006462,11,10,0.9963,0.77,0.2263,0.2263,alt
08f29a5792d46a5d0335edaa218f3095,true_conflict,"[""+17142438572""]","[""8332608211""]",17142438572,8332608211,11,10,0.9919,0.77,0.2219,0.2219,alt
08f1f99c527b17940327753501f78574,true_conflict,"[""+39029102437""]","[""029102864""]",39029102437,029102864,11,9,0.9918,0.77,0.2218,0.2218,alt
08f2668b8579dc5a03afce7f390fe275,true_conflict,"[""+15024476177""]","[""5029955111""]",15024476177,5029955111,11,10,0.9918,0.77,0.2218,0.2218,alt
08f44aeaf2b02cec03fd06b92c412a87,true_conflict,"[""+18883166178""]","[""7722053888""]",18883166178,7722053888,11,10,0.9918,0.77,0.2218,0.2218,alt
08f489c18d31004403e2ab77ba15d941,true_conflict,"[""+12107947812""]","[""2107367722""]",12107947812,2107367722,11,10,0.9918,0.77,0.2218,0.2218,alt
08fbe8d81286d794032c375b025f9b00,true_conflict,"[""+61734169863""]","[""1800229283""]",61734169863,1800229283,11,10,0.9918,0.77,0.2218,0.2218,alt
08f1f02580711558032beb326920b8cf,true_conflict,"[""+494131220471""]","[""04131187875""]",494131220471,04131187875,12,11,0.9895,0.77,0.2195,0.2195,alt
08f2830d34545ca4038c8e20a0ba4015,true_conflict,"[""+19254474066""]","[""9258003937""]",19254474066,9258003937,11,10,0.9895,0.77,0.2195,0.2195,alt
08f2a1056c69624c03d36fc76df82335,true_conflict,"[""+12012655150""]","[""2019772251""]",12012655150,2019772251,11,10,0.9895,0.77,0.2195,0.2195,alt
08f441ab99d1e40903520592b478eaee,true_conflict,"[""+18009422502""]","[""7279422502""]",18009422502,7279422502,11,10,0.9895,0.77,0.2195,0.2195,alt
08f46482d0a8a4a90323ae59d69f7b7c,true_conflict,"[""+18086767566""]","[""8882926855""]",18086767566,8882926855,11,10,0.9895,0.77,0.2195,0.2195,alt
08f61aba6ba0e27003ec97321fdfa81a,true_conflict,"[""+9118604195555""]","[""18605005555""]",9118604195555,18605005555,13,11,0.9895,0.77,0.2195,0.2195,alt
08f194e6e9552d2b03d67ae015440155,true_conflict,"[""+442080545400""]","[""02045126671""]",442080545400,02045126671,12,11,0.9878,0.77,0.2178,0.2178,alt
08f1faad040705a503524f8b3f8ed78a,true_conflict,"[""062329908112""]","[""+492216699360""]",062329908112,492216699360,12,12,0.77,0.9878,-0.2178,0.2178,base
08f2aacb20d1238c03fbe91474e92eb7,true_conflict,"[""+12154843377""]","[""2154223330""]",12154843377,2154223330,11,10,0.9878,0.77,0.2178,0.2178,alt
08f392ada2d63b50039e5e6688c12a4e,true_conflict,"[""+34658996624""]","[""923213901""]",34658996624,923213901,11,9,0.9878,0.77,0.2178,0.2178,alt
08fa822010a830b2037f3c0c62de33fa,true_conflict,"[""+554736422594""]","[""47991155860""]",554736422594,47991155860,12,11,0.9859,0.77,0.2159,0.2159,alt
08f195c62ea2307003ea434ce40ad3f6,true_conflict,"[""+443304609636""]","[""01299 888454""]",443304609636,01299888454,12,11,0.7846,1.0,-0.2154,0.2154,base
08f26ed52353494a035ccc4d9817a84c,true_conflict,"[""+14172265800""]","[""4172265825""]",14172265800,4172265825,11,10,0.9837,0.77,0.2137,0.2137,alt
08fbe8d0165185630322cd439aeeb8e0,true_conflict,"[""+61132343""]","[""0732852123""]",61132343,0732852123,8,10,0.9837,0.77,0.2137,0.2137,alt
08fbe0e34313646103ac9822246f768f,true_conflict,"[""+61419789784""]","[""0293182288""]",61419789784,0293182288,11,10,0.9828,0.77,0.2128,0.2128,alt
08f2b9bc2ad9c8a503865f53d38bd727,true_conflict,"[""+16478479141""]","[""4168317879""]",16478479141,4168317879,11,10,0.9804,0.77,0.2104,0.2104,alt
08f11aa7a1a188c003ef4bcf54a8e1a6,true_conflict,"[""+74991868325""]","[""8 (499) 259-39-67""]",74991868325,84992593967,11,11,0.7928,1.0,-0.2072,0.2072,base
08f1e8395978616d03959477b773f38e,true_conflict,"[""+39077660091""]","[""0776 609191""]",39077660091,0776609191,11,10,0.7928,1.0,-0.2072,0.2072,base
08f1f42892586a4e0359e8c2b5580679,true_conflict,"[""+48661066359""]","[""790 300 323""]",48661066359,790300323,11,9,0.7928,1.0,-0.2072,0.2072,base
08f1f8ed95cc834803b28d87d8bfefc0,true_conflict,"[""+41445365161""]","[""044 558 86 46""]",41445365161,0445588646,11,10,0.7928,1.0,-0.2072,0.2072,base
08f1fab35159a36303681e92abd4a35d,true_conflict,"[""+4991812979999""]","[""09181 254650""]",4991812979999,09181254650,13,11,0.7928,1.0,-0.2072,0.2072,base
08f3964499484ce203f015cb20e05d1f,true_conflict,"[""+33635348693""]","[""05 62 28 90 76""]",33635348693,0562289076,11,10,0.7928,1.0,-0.2072,0.2072,base
08f44a908841cd9003dd047b9521fe51,true_conflict,"[""+18009447323""]","[""(407) 275-1765""]",18009447323,4072751765,11,10,0.7928,1.0,-0.2072,0.2072,base
08f64a484c9a0c5403339a1fcf0ce87c,true_conflict,"[""+6623318146""]","[""081 344 8725""]",6623318146,0813448725,10,10,0.7928,1.0,-0.2072,0.2072,base
08f652053659995103fad3f07aceb6c8,true_conflict,"[""+60195491144""]","[""07-562 2420""]",60195491144,075622420,11,9,0.7928,1.0,-0.2072,0.2072,base
08f66e651a48a16e0324a0c5acecd3ba,true_conflict,"[""+5763442528""]","[""(606) 3442528""]",5763442528,6063442528,10,10,0.7928,1.0,-0.2072,0.2072,base
08f8046b33a19034031f037413034d3f,true_conflict,"[""+559137712095""]","[""(91) 3771-1219""]",559137712095,9137711219,12,10,0.7928,1.0,-0.2072,0.2072,base
08f81acc54b7504903f31692b2b8ab9a,true_conflict,"[""+552140420321""]","[""(79) 98127-4683""]",552140420321,79981274683,12,11,0.7928,1.0,-0.2072,0.2072,base
08fa80b035674b6a03379ca9c1ecea9f,true_conflict,"[""+556740028282""]","[""(67) 3521-4016""]",556740028282,6735214016,12,10,0.7928,1.0,-0.2072,0.2072,base
08fa8100e16b275b035e3f9f5d9abecc,true_conflict,"[""+551138425135""]","[""(55) 3842-5135""]",551138425135,5538425135,12,10,0.7928,1.0,-0.2072,0.2072,base
08fa81a6f4b802a80347b8d9be9d2e51,true_conflict,"[""+551634039551""]","[""(16) 3722-9500""]",551634039551,1637229500,12,10,0.7928,1.0,-0.2072,0.2072,base
08fa81eb2e78d11c03804afe6de4128a,true_conflict,"[""+5514997422255""]","[""(14) 3653-5659""]",5514997422255,1436535659,13,10,0.7928,1.0,-0.2072,0.2072,base
08fda94b404b1b74036457f3c3bb5905,true_conflict,"[""+6433850145""]","[""03 385 9531""]",6433850145,033859531,10,9,0.7928,1.0,-0.2072,0.2072,base
08f2ab2c4b89449a03e88d9391424fd1,true_conflict,"[""+14375517377""]","[""4164094360""]",14375517377,4164094360,11,10,0.9697,0.77,0.1997,0.1997,alt
08f195ba26a456b20320b75eb5569034,true_conflict,"[""+441305266066""]","[""01305555700""]",441305266066,01305555700,12,11,0.9645,0.77,0.1945,0.1945,alt
08f2aac6eb4582ea0312c7b3c0c3b42c,true_conflict,"[""+14106794000""]","[""+14106762805""]",14106794000,14106762805,11,11,0.7928,0.9837,-0.191,0.191,base
08f481b4867658ec03b5f0816ebcd5d2,true_conflict,"[""+526255820022""]","[""6144325600""]",526255820022,6144325600,12,10,0.9544,0.77,0.1844,0.1844,alt
08f1e0e12dd4da4d035718ac12e555f1,true_conflict,"[""+3646561561""]","[""0646561561""]",3646561561,0646561561,10,10,0.9523,0.77,0.1823,0.1823,alt
08f44e540c45806d036445fe6c54049d,true_conflict,"[""+18502585156""]","[""8502485156""]",18502585156,8502485156,11,10,0.9523,0.77,0.1823,0.1823,alt
08fa831ad12aab65035712ae83554296,true_conflict,"[""+554133824053""]","[""41991615016""]",554133824053,41991615016,12,11,0.9523,0.77,0.1823,0.1823,alt
08f2696a82ace4c60350ad42d5f3cf02,true_conflict,"[""8012747000""]","[""8012747001""]",8012747000,8012747001,10,10,0.9129,0.77,0.1429,0.1429,alt
08fa8a0613483728030dd803ffe085d3,true_conflict,"[""2135150101""]","[""(21) 2580-1273""]",2135150101,2125801273,10,10,0.8607,1.0,-0.1393,0.1393,base
08f194adae234690030807b89af95082,true_conflict,"[""+442080409036""]","[""07754 186892""]",442080409036,07754186892,12,11,0.8682,1.0,-0.1318,0.1318,base
08f44e8370919a52039878b85f41c031,true_conflict,"[""+12056798666""]","[""(205) 734-0027""]",12056798666,2057340027,11,10,0.8682,1.0,-0.1318,0.1318,base
08f2a89646788ce103bbc825196e3aa1,true_conflict,"[""+18552497667""]","[""9199177030""]",18552497667,9199177030,11,10,0.8973,0.77,0.1273,0.1273,alt
08f29b6d5e2f3a6303041bd53474b787,true_conflict,"[""6232027114""]","[""6234863270""]",6232027114,6234863270,10,10,0.8806,0.77,0.1106,0.1106,alt
08f8e75a4a34a98303c9ece2827f9d5a,true_conflict,"[""+51994229789""]","[""+51986735403""]",51994229789,51986735403,11,11,0.3942,0.2867,0.1074,0.1074,alt
08f26c860db342c903fdde464d319c01,true_conflict,"[""+14695577000""]","[""(972) 245-2117""]",14695577000,9722452117,11,10,0.9097,1.0,-0.0903,0.0903,base
08f274d2ee0deca803fbeaa15840ec3d,true_conflict,"[""+18103332752""]","[""(734) 449-4021""]",18103332752,7344494021,11,10,0.9097,1.0,-0.0903,0.0903,base
08f27526f2292b9b03cc5e9c91085d68,true_conflict,"[""+16126726600""]","[""(612) 273-3000""]",16126726600,6122733000,11,10,0.9097,1.0,-0.0903,0.0903,base
08f1e35418b8115d03d75b4f91514ad7,true_conflict,"[""800767626""]","[""724 449 839""]",800767626,724449839,9,9,0.9129,1.0,-0.0871,0.0871,base
08f30e1d8332e4cd03e5851235f9d929,true_conflict,"[""+10220777052""]","[""+10220777755""]",10220777052,10220777755,11,11,0.481,0.3942,0.0869,0.0869,alt
08f2832b85a12b3203fb6b84f25c83de,true_conflict,"[""+19169437958""]","[""(916) 892-0708""]",19169437958,9168920708,11,10,0.9147,1.0,-0.0853,0.0853,base
08f44ae8010ea034037504a8a664bb97,true_conflict,"[""+15615868666""]","[""(416) 525-3283""]",15615868666,4165253283,11,10,0.9147,1.0,-0.0853,0.0853,base
08f1f33366a0831003dbc94079ee198a,true_conflict,"[""+4943315950""]","[""04948 36880""]",4943315950,0494836880,10,10,0.9254,1.0,-0.0746,0.0746,base
08f44f0133cf368203f40684f03967f1,true_conflict,"[""+16462666040""]","[""(904) 213-2100""]",16462666040,9042132100,11,10,0.9254,1.0,-0.0746,0.0746,base
08f481270588895403e4355b3c793f94,true_conflict,"[""+528713304139""]","[""871 123 4567""]",528713304139,8711234567,12,10,0.9254,1.0,-0.0746,0.0746,base
08fa82339b75220003fb093540584e68,true_conflict,"[""+5542999026979""]","[""(42) 3446-5313""]",5542999026979,4234465313,13,10,0.9385,1.0,-0.0615,0.0615,base
08f186549e3445160349ba90d3aa7e20,true_conflict,"[""+33231940214""]","[""02 31 94 60 90""]",33231940214,0231946090,11,10,0.9446,1.0,-0.0554,0.0554,base
08f1fb471d0d259e03c39c502b0a1653,true_conflict,"[""+33174903869""]","[""01 89 43 08 22""]",33174903869,0189430822,11,10,0.9446,1.0,-0.0554,0.0554,base
08f26010a6db404403e339f85cbc6d43,true_conflict,"[""+17128996773""]","[""(712) 568-2363""]",17128996773,7125682363,11,10,0.9446,1.0,-0.0554,0.0554,base
08f26533507a2d40030feb6451cc6d92,true_conflict,"[""+14176550035""]","[""(417) 581-0159""]",14176550035,4175810159,11,10,0.9446,1.0,-0.0554,0.0554,base
08f44e38ed4518540380d8904cd5b34a,true_conflict,"[""+12297233033""]","[""(229) 723-4304""]",12297233033,2297234304,11,10,0.9446,1.0,-0.0554,0.0554,base
08f184dcf559e4a1039f24c7f61712fc,true_conflict,"[""+33533063570""]","[""05 57 70 27 00""]",33533063570,0557702700,11,10,0.9468,1.0,-0.0532,0.0532,base
08f195805d22e99803b04ba7d7feba09,true_conflict,"[""+447815110207""]","[""0870 446 1020""]",447815110207,08704461020,12,11,0.9468,1.0,-0.0532,0.0532,base
08f2a100d2c1e8dd03a76caaa6fa3b94,true_conflict,"[""+12126300320""]","[""(212) 630-0315""]",12126300320,2126300315,11,10,0.9468,1.0,-0.0532,0.0532,base
08f2e1b56b94512d03f5193dc7c7a7a0,true_conflict,"[""+81115200017""]","[""050-3374-2653""]",81115200017,05033742653,11,11,0.9468,1.0,-0.0532,0.0532,base
08f39680682a12a303e3d51c798cbf98,true_conflict,"[""+33760911664""]","[""04 88 39 27 82""]",33760911664,0488392782,11,10,0.9468,1.0,-0.0532,0.0532,base
08f396c3817960da031b6881f73d4ee7,true_conflict,"[""+33970808251""]","[""04 32 75 13 90""]",33970808251,0432751390,11,10,0.9468,1.0,-0.0532,0.0532,base
08f603386c39180c0336a0e2bf35395b,true_conflict,"[""+914222300000""]","[""099423 00000""]",914222300000,09942300000,12,11,0.9468,1.0,-0.0532,0.0532,base
08f283080c85d5540367d252bb3052ad,true_conflict,"[""+16505044361""]","[""(415) 471-2014""]",16505044361,4154712014,11,10,0.9505,1.0,-0.0495,0.0495,base
08f48de446889ba20352fc8e066cc3c1,true_conflict,"[""+5753032822""]","[""(575) 472-2300""]",5753032822,5754722300,10,10,0.9523,1.0,-0.0477,0.0477,base
08f18615206a2044031332a453760f15,true_conflict,"[""+33980321979""]","[""02 43 04 73 31""]",33980321979,0243047331,11,10,0.9544,1.0,-0.0456,0.0456,base
08f194279e5ab221036dc4ab87e12118,true_conflict,"[""+447760161935""]","[""028 9068 3297""]",447760161935,02890683297,12,11,0.9544,1.0,-0.0456,0.0456,base
08f194990605609d032971c417e59bd4,true_conflict,"[""+33973693179""]","[""06 85 06 39 67""]",33973693179,0685063967,11,10,0.9544,1.0,-0.0456,0.0456,base
08f1e8081c64bb810386cf12e531f92f,true_conflict,"[""+390746760044""]","[""0746 271585""]",390746760044,0746271585,12,10,0.9544,1.0,-0.0456,0.0456,base
08f1e92992ba4b66034cd4d1253b336b,true_conflict,"[""+39070499703""]","[""390 704 4370""]",39070499703,3907044370,11,10,0.9544,1.0,-0.0456,0.0456,base
08f1e943a1d746cb03550d63d3c549a8,true_conflict,"[""+393315737707""]","[""347 410 2094""]",393315737707,3474102094,12,10,0.9544,1.0,-0.0456,0.0456,base
08f1ea51035b162d0343203da2b4dfcd,true_conflict,"[""+390434620720""]","[""394 3461 0268""]",390434620720,39434610268,12,11,0.9544,1.0,-0.0456,0.0456,base
08f1f8800d699275039119d3f9bf4e1d,true_conflict,"[""+491733419648""]","[""08821 7276121""]",491733419648,088217276121,12,12,0.9544,1.0,-0.0456,0.0456,base
08f1f892da899a860340938926a80598,true_conflict,"[""+4364138107""]","[""06413 81070""]",4364138107,0641381070,10,10,0.9544,1.0,-0.0456,0.0456,base
08f1f98405296ad0034910779e4d703c,true_conflict,"[""+390110620568""]","[""011 216 5830""]",390110620568,0112165830,12,10,0.9544,1.0,-0.0456,0.0456,base
08f1fa5d8385465803ca149beb0f8b1b,true_conflict,"[""+31620331818""]","[""040 285 9026""]",31620331818,0402859026,11,10,0.9544,1.0,-0.0456,0.0456,base
08f1faba31a060030311b939ef52c6da,true_conflict,"[""+4991261000""]","[""09126 5491""]",4991261000,091265491,10,9,0.9544,1.0,-0.0456,0.0456,base
08f26c84401a416e03eb1dc0009a8062,true_conflict,"[""+19403815366""]","[""(940) 243-1772""]",19403815366,9402431772,11,10,0.9544,1.0,-0.0456,0.0456,base
08f29b6d49d4e42b030471f80f4abba3,true_conflict,"[""+16028761602""]","[""(602) 256-1602""]",16028761602,6022561602,11,10,0.9544,1.0,-0.0456,0.0456,base
08f2a963292692c0033e8eb7f4a3a9f4,true_conflict,"[""+14197335773""]","[""(419) 795-5511""]",14197335773,4197955511,11,10,0.9544,1.0,-0.0456,0.0456,base
08f2e2b4425b4319038bddb1c30b7b38,true_conflict,"[""+81227165705""]","[""050-3491-7338""]",81227165705,05034917338,11,11,0.9544,1.0,-0.0456,0.0456,base
08f39608a0b76a6203fb3f420b3f857f,true_conflict,"[""+33563301313""]","[""05 63 30 20 20""]",33563301313,0563302020,11,10,0.9544,1.0,-0.0456,0.0456,base
08f396c4a392530a03ba75015b9d5616,true_conflict,"[""+10467295214""]","[""04 67 29 42 31""]",10467295214,0467294231,11,10,0.9544,1.0,-0.0456,0.0456,base
08f4880d8172067603fa7c012014e336,true_conflict,"[""+528677124373""]","[""867 712 4737""]",528677124373,8677124737,12,10,0.9544,1.0,-0.0456,0.0456,base
08f60b1d652c30900311adbd94b65a4f,true_conflict,"[""+918500305852""]","[""094400 03438""]",918500305852,09440003438,12,11,0.9544,1.0,-0.0456,0.0456,base
08f194ad840d6c50032ba4f7b0cb1e7d,true_conflict,"[""+442088769842""]","[""020 8392 4966""]",442088769842,02083924966,12,11,0.9645,1.0,-0.0355,0.0355,base
08f1e832888c520a0354f30351c8e188,true_conflict,"[""+390817590290""]","[""081 584 3820""]",390817590290,0815843820,12,10,0.9645,1.0,-0.0355,0.0355,base
08f1ed6c9600e9ac0396545f95a4326e,true_conflict,"[""+393496434773""]","[""329 362 2229""]",393496434773,3293622229,12,10,0.9645,1.0,-0.0355,0.0355,base
08f1f8036d9b130e03ec54381d4c24fd,true_conflict,"[""+4976429213430""]","[""04976 42930579""]",4976429213430,0497642930579,13,13,0.9645,1.0,-0.0355,0.0355,base
08f1f8d61886518b0383df6b6adad249,true_conflict,"[""+4980916179173""]","[""04922 84333112""]",4980916179173,0492284333112,13,13,0.9645,1.0,-0.0355,0.0355,base
08f1f994de929c6d0358ab84c54adef2,true_conflict,"[""+39038543304""]","[""393 854 8319""]",39038543304,3938548319,11,10,0.9645,1.0,-0.0355,0.0355,base
08f1fa112e4d965b03b45fbf4da05d10,true_conflict,"[""+4915114919970""]","[""04922 4199540""]",4915114919970,049224199540,13,12,0.9645,1.0,-0.0355,0.0355,base
08f1fb475b40b129036fb048b3d564e0,true_conflict,"[""+33140738360""]","[""01 42 25 96 16""]",33140738360,0142259616,11,10,0.9645,1.0,-0.0355,0.0355,base
08f275d2b08dc3b20361fd24c778f068,true_conflict,"[""+14147777889""]","[""(414) 385-3240""]",14147777889,4143853240,11,10,0.9645,1.0,-0.0355,0.0355,base
08f2802a256f2c6e036543725df38d6b,true_conflict,"[""+17077267745""]","[""(707) 726-7865""]",17077267745,7077267865,11,10,0.9645,1.0,-0.0355,0.0355,base
08f2802adab6e00c030a1be91d4875ee,true_conflict,"[""+17078406062""]","[""(707) 826-9463""]",17078406062,7078269463,11,10,0.9645,1.0,-0.0355,0.0355,base
08f28d595372a1030306517a765d208d,true_conflict,"[""+18664329655""]","[""(360) 432-9655""]",18664329655,3604329655,11,10,0.9645,1.0,-0.0355,0.0355,base
08f44d886368c070035d4a2359dd0ad6,true_conflict,"[""+18645961553""]","[""(864) 582-5023""]",18645961553,8645825023,11,10,0.9645,1.0,-0.0355,0.0355,base
08f49b540d419ac003dac0524e1ed57e,true_conflict,"[""+18003003435""]","[""744 441 6432""]",18003003435,7444416432,11,10,0.9645,1.0,-0.0355,0.0355,base
08f618925e945580034bfa3219343baa,true_conflict,"[""+918448797299""]","[""099863 03447""]",918448797299,09986303447,12,11,0.9645,1.0,-0.0355,0.0355,base
08f2a10770d340f3034390d148461d38,true_conflict,"[""+19179464799""]","[""(347) 689-9535""]",19179464799,3476899535,11,10,0.9649,1.0,-0.0351,0.0351,base
08f1f18b26b1019003239db7ed527e75,true_conflict,"[""+4930547070420""]","[""030 547070450""]",4930547070420,030547070450,13,12,0.969,1.0,-0.031,0.031,base
08f2986b8089b2cb03220db3aa72c816,true_conflict,"[""+17027855555""]","[""7028660703""]",17027855555,7028660703,11,10,0.7928,0.77,0.0228,0.0228,alt
08f1f3121d9aa6e103f36547890dd58b,true_conflict,"[""+4540162028""]","[""74 47 21 27""]",4540162028,74472127,10,8,0.9792,1.0,-0.0208,0.0208,base
08f1fa922392688e03d8578ed1da3368,true_conflict,"[""+4992879657390""]","[""0491 782886026""]",4992879657390,0491782886026,13,13,0.9828,1.0,-0.0172,0.0172,base
08f1126d332248ed03373d1c4f03052a,true_conflict,"[""+358968626200""]","[""09 686261""]",358968626200,09686261,12,8,0.9837,1.0,-0.0163,0.0163,base
08f12d87937886ed03cf23f162e10f02,true_conflict,"[""+15095634402""]","[""(509) 685-7326""]",15095634402,5096857326,11,10,0.9837,1.0,-0.0163,0.0163,base
08f194a820c80805034a0e3999914078,true_conflict,"[""+441622751502""]","[""01622 751398""]",441622751502,01622751398,12,11,0.9837,1.0,-0.0163,0.0163,base
08f19583922f1b1a03d546e3a5e14164,true_conflict,"[""+447774111463""]","[""07967 211870""]",447774111463,07967211870,12,11,0.9837,1.0,-0.0163,0.0163,base
08f1e02cb6322415036287f45911aaf3,true_conflict,"[""+4326857297""]","[""02685 72970""]",4326857297,0268572970,10,10,0.9837,1.0,-0.0163,0.0163,base
08f1f05b01b9aaf0037d40991a005a2a,true_conflict,"[""+46463781300""]","[""046-37 37 99""]",46463781300,046373799,11,9,0.9837,1.0,-0.0163,0.0163,base
08f1f14a8e7a0c63033e02e2112ebd12,true_conflict,"[""+49440298680""]","[""04944 519181408""]",49440298680,04944519181408,11,14,0.9837,1.0,-0.0163,0.0163,base
08f1f99c128c104d037db8167423c1bf,true_conflict,"[""+390331551493""]","[""339 256 2862""]",390331551493,3392562862,12,10,0.9837,1.0,-0.0163,0.0163,base
08f1fa19982ce06c03670f9ce05c2adc,true_conflict,"[""+4915123815314""]","[""0221 27179406""]",4915123815314,022127179406,13,12,0.9837,1.0,-0.0163,0.0163,base
08f1faeab62d943503ef95d39fa13b13,true_conflict,"[""+493022005500""]","[""0800 4353361""]",493022005500,08004353361,12,11,0.9837,1.0,-0.0163,0.0163,base
08f1fb69595b16830343d2cc97ecf07f,true_conflict,"[""+33670713276""]","[""02 37 15 66 16""]",33670713276,0237156616,11,10,0.9837,1.0,-0.0163,0.0163,base
08f260d8018c42ac030234eda4bdb247,true_conflict,"[""+15158545196""]","[""(515) 299-5500""]",15158545196,5152995500,11,10,0.9837,1.0,-0.0163,0.0163,base
08f2644611c0c95603831217603f38cc,true_conflict,"[""+16186358181""]","[""(217) 999-3880""]",16186358181,2179993880,11,10,0.9837,1.0,-0.0163,0.0163,base
08f264d112a369ae0345476d0ce832cf,true_conflict,"[""+16152981782""]","[""(615) 269-0568""]",16152981782,6152690568,11,10,0.9837,1.0,-0.0163,0.0163,base
08f2763a1974381803002c1079799311,true_conflict,"[""+17059457109""]","[""(705) 945-7185""]",17059457109,7059457185,11,10,0.9837,1.0,-0.0163,0.0163,base
08f289eb6a80c0aa03adb21d855f66d3,true_conflict,"[""+14069618688""]","[""(406) 961-8388""]",14069618688,4069618388,11,10,0.9837,1.0,-0.0163,0.0163,base
08f2a9150cd0508003581d4a8325cdc4,true_conflict,"[""+17403338337""]","[""(740) 335-4360""]",17403338337,7403354360,11,10,0.9837,1.0,-0.0163,0.0163,base
08f2b8bd66166a62039f163a2b457cf0,true_conflict,"[""+13154048955""]","[""(315) 790-5653""]",13154048955,3157905653,11,10,0.9837,1.0,-0.0163,0.0163,base
08f2e6054e8001800371b39d2b43ecfb,true_conflict,"[""+815034637241""]","[""050-5488-1038""]",815034637241,05054881038,12,11,0.9837,1.0,-0.0163,0.0163,base
08f3969a692aca2403ec11d5ba7b829b,true_conflict,"[""+33493570087""]","[""04 93 41 45 87""]",33493570087,0493414587,11,10,0.9837,1.0,-0.0163,0.0163,base
08f42ceb512c100003192d96f3b0ae69,true_conflict,"[""+918042754444""]","[""079 3399 4444""]",918042754444,07933994444,12,11,0.9837,1.0,-0.0163,0.0163,base
08f441e75886b9100301f5dab038036c,true_conflict,"[""+19417486926""]","[""(941) 747-6721""]",19417486926,9417476721,11,10,0.9837,1.0,-0.0163,0.0163,base
08f445b8d6c91ccc03f84166d606be43,true_conflict,"[""+16624732801""]","[""(662) 473-3020""]",16624732801,6624733020,11,10,0.9837,1.0,-0.0163,0.0163,base
08f445d5854a3b84038c4533db84d193,true_conflict,"[""+16625712714""]","[""(662) 751-8602""]",16625712714,6627518602,11,10,0.9837,1.0,-0.0163,0.0163,base
08f44c86a28c099b03d096082cdc5ced,true_conflict,"[""+18659381040""]","[""(865) 988-3252""]",18659381040,8659883252,11,10,0.9837,1.0,-0.0163,0.0163,base
08f44d548c31e71d03215a4b20058e39,true_conflict,"[""+18432281673""]","[""(843) 228-1538""]",18432281673,8432281538,11,10,0.9837,1.0,-0.0163,0.0163,base
08f450a6b2294d5203313bd27e054fe8,true_conflict,"[""+529988849440""]","[""998 884 1041""]",529988849440,9988841041,12,10,0.9837,1.0,-0.0163,0.0163,base
08f48d29a30e030603375e4e232a197d,true_conflict,"[""+18065929280""]","[""(806) 592-2121""]",18065929280,8065922121,11,10,0.9837,1.0,-0.0163,0.0163,base
08f4994ad3c503850306c9d333477529,true_conflict,"[""+522222316628""]","[""222 248 4475""]",522222316628,2222484475,12,10,0.9837,1.0,-0.0163,0.0163,base
08f6d35aa62266810393381338e5810f,true_conflict,"[""+529222237633""]","[""992 223 7635""]",529222237633,9922237635,12,10,0.9837,1.0,-0.0163,0.0163,base
08fbe0899519c116035ccb4f246d7ac9,true_conflict,"[""+61493708328""]","[""0411 034 188""]",61493708328,0411034188,11,10,0.9837,1.0,-0.0163,0.0163,base
08f29ab980d65aa603c367fa02faef76,true_conflict,"[""+18009262600""]","[""(559) 453-3274""]",18009262600,5594533274,11,10,0.9878,1.0,-0.0122,0.0122,base
08f44ced4db28ab203f8d981f4da9abd,true_conflict,"[""+17705337410""]","[""(770) 297-1970""]",17705337410,7702971970,11,10,0.9878,1.0,-0.0122,0.0122,base
08f1fb46634f384a0314fed59221c447,true_conflict,"[""+33144626940""]","[""01 43 73 93 93""]",33144626940,0143739393,11,10,0.9909,1.0,-0.0091,0.0091,base
08f26561a6018621030d6d13a1a39c49,true_conflict,"[""+18164100704""]","[""(816) 532-8550""]",18164100704,8165328550,11,10,0.9909,1.0,-0.0091,0.0091,base
08f266212e0ed51a03fa92d069b6fc20,true_conflict,"[""+13094344818""]","[""(217) 418-7557""]",13094344818,2174187557,11,10,0.9909,1.0,-0.0091,0.0091,base
08f48a2053774cc0037114317057dc20,true_conflict,"[""+528183831922""]","[""81 8353 4280""]",528183831922,8183534280,12,10,0.9909,1.0,-0.0091,0.0091,base
08f4995aa84f0d75038401e2fa4a691c,true_conflict,"[""+525544409400""]","[""55 5864 9970""]",525544409400,5558649970,12,10,0.9909,1.0,-0.0091,0.0091,base
08fa87694d79878b03248275fa0bff04,true_conflict,"[""+5567996188381""]","[""(67) 3461-8656""]",5567996188381,6734618656,13,10,0.9909,1.0,-0.0091,0.0091,base
08fb91682e4caa2c03239f9cbc07f2c5,true_conflict,"[""+61872308040""]","[""(08) 8227 2226""]",61872308040,0882272226,11,10,0.9909,1.0,-0.0091,0.0091,base
08fc203609766b2e03adc81852d54f07,true_conflict,"[""+5492235244051""]","[""0223 493-2202""]",5492235244051,02234932202,13,11,0.9909,1.0,-0.0091,0.0091,base
08f1f8ccc9d3480c0361f7b6e3dd17f1,true_conflict,"[""+4973917849600""]","[""07391 7773704""]",4973917849600,073917773704,13,12,0.9918,1.0,-0.0082,0.0082,base
08f2690db4b4288203675416dd188148,true_conflict,"[""+14355710073""]","[""(435) 940-0363""]",14355710073,4359400363,11,10,0.9918,1.0,-0.0082,0.0082,base
08fa80eca92f2a1603066fd16d331024,true_conflict,"[""+5518991901420""]","[""(55) 4004-4041""]",5518991901420,5540044041,13,10,0.9919,1.0,-0.0081,0.0081,base
08f194ada05a3a6003b9a28bab309ec8,true_conflict,"[""+447955529269""]","[""020 8741 5003""]",447955529269,02087415003,12,11,0.9963,1.0,-0.0037,0.0037,base
08f1ea2c73d24aad03ecd7b6134ec824,true_conflict,"[""+39057332848""]","[""0572 32348""]",39057332848,057232348,11,9,0.9963,1.0,-0.0037,0.0037,base
08f1faeaa986b4dc03feafc3e5738e3c,true_conflict,"[""+4969887061""]","[""069 92883050""]",4969887061,06992883050,10,11,0.9963,1.0,-0.0037,0.0037,base
08f264b64410eb4e03687ddf85880268,true_conflict,"[""+16624092050""]","[""(662) 862-9739""]",16624092050,6628629739,11,10,0.9963,1.0,-0.0037,0.0037,base
08f268cdab2b07b403271eee0f65e739,true_conflict,"[""+13037448531""]","[""(303) 722-1002""]",13037448531,3037221002,11,10,0.9963,1.0,-0.0037,0.0037,base
08f29a860dc1a18803e137c5f5fa6dce,true_conflict,"[""+15598566090""]","[""(559) 856-6060""]",15598566090,5598566060,11,10,0.9963,1.0,-0.0037,0.0037,base
08f29ad19ccb66aa03877513c944137c,true_conflict,"[""+18054666868""]","[""(805) 202-4079""]",18054666868,8052024079,11,10,0.9963,1.0,-0.0037,0.0037,base
08f2a100dd82c68103a075bfbd859171,true_conflict,"[""+17184561666""]","[""(718) 381-7867""]",17184561666,7183817867,11,10,0.9963,1.0,-0.0037,0.0037,base
08f2a107298e431c0386a137a00c7d6c,true_conflict,"[""+17186432146""]","[""(718) 852-1082""]",17186432146,7188521082,11,10,0.9963,1.0,-0.0037,0.0037,base
08f2a10aaba5c06303d8a67958549713,true_conflict,"[""+16312257000""]","[""(631) 789-2000""]",16312257000,6317892000,11,10,0.9963,1.0,-0.0037,0.0037,base
08f2aa38c18f37ac03f6031db0895b12,true_conflict,"[""+18148671092""]","[""(877) 421-9062""]",18148671092,8774219062,11,10,0.9963,1.0,-0.0037,0.0037,base
08f2aab6e2c4c0e40369f405f316dbdf,true_conflict,"[""+18049353097""]","[""(804) 967-9976""]",18049353097,8049679976,11,10,0.9963,1.0,-0.0037,0.0037,base
08f2aad39db6e89303d4639eefa1f7a2,true_conflict,"[""+13026442401""]","[""(302) 645-5433""]",13026442401,3026455433,11,10,0.9963,1.0,-0.0037,0.0037,base
08f3da10628053a503248b8a352da438,true_conflict,"[""+911133105058""]","[""1800 202 2022""]",911133105058,18002022022,12,11,0.9963,1.0,-0.0037,0.0037,base
08f441a113b6e72b037c592992e25855,true_conflict,"[""+18133623222""]","[""(813) 974-4569""]",18133623222,8139744569,11,10,0.9963,1.0,-0.0037,0.0037,base
08f08ed358889889037e291e52eb62a5,true_conflict,"[""+4792044930""]","[""47 83 50 55""]",4792044930,47835055,10,8,0.9979,1.0,-0.0021,0.0021,base
08f1f2e4c52535b303d6e2707a0f297b,true_conflict,"[""+4641313000""]","[""0413-138 00""]",4641313000,041313800,10,9,0.9979,1.0,-0.0021,0.0021,base
08f29a03a42e4c120337159a0d24ef9d,true_conflict,"[""+19096751186""]","[""(909) 675-1853""]",19096751186,9096751853,11,10,0.9979,1.0,-0.0021,0.0021,base
08f1909aed2538c603ebfbd517330f80,true_conflict,"[""01413059841""]","[""01416484893""]",01413059841,01416484893,11,11,0.77,0.77,0.0,0.0,tied
08f1958c2b10c541038aee2bfe17b7a0,true_conflict,"[""07778167829""]","[""01432277114""]",07778167829,01432277114,11,11,0.77,0.77,0.0,0.0,tied
08f1f1d48a5b2142035cc7d4a73eb746,true_conflict,"[""03042262070""]","[""030422620715""]",03042262070,030422620715,11,12,0.77,0.77,0.0,0.0,tied
08f2649a4660239203830d5b2b5da7ef,true_conflict,"[""2567166773""]","[""2567166760""]",2567166773,2567166760,10,10,0.77,0.77,0.0,0.0,tied
08f266cc5d0a2cdb0318bd952ce12ad9,true_conflict,"[""8123721133""]","[""2606735099""]",8123721133,2606735099,10,10,0.77,0.77,0.0,0.0,tied
08f26816144332c203ac761b35d70420,true_conflict,"[""8444294767""]","[""9705784009""]",8444294767,9705784009,10,10,0.77,0.77,0.0,0.0,tied
08f26ca0d5822a8e03df9524c4d2673c,true_conflict,"[""9403159414""]","[""9403257808""]",9403159414,9403257808,10,10,0.77,0.77,0.0,0.0,tied
08f28308106929aa0322048f73b8a6a1,true_conflict,"[""5104633888""]","[""5106479364""]",5104633888,5106479364,10,10,0.77,0.77,0.0,0.0,tied
08f28d5c21b3570303675cd40536d2b8,true_conflict,"[""2534416900""]","[""2533524668""]",2534416900,2533524668,10,10,0.77,0.77,0.0,0.0,tied
08f2a84624286ae503ebf72dcf1acf6a,true_conflict,"[""4127107130""]","[""4126538846""]",4127107130,4126538846,10,10,0.77,0.77,0.0,0.0,tied
08f2a8a8921b32020388eb7ad9744b4f,true_conflict,"[""5408081980""]","[""5403928825""]",5408081980,5403928825,10,10,0.77,0.77,0.0,0.0,tied
08f2aa6524b204d80374531f4a5f9685,true_conflict,"[""7168276985""]","[""7168231787""]",7168276985,7168231787,10,10,0.77,0.77,0.0,0.0,tied
08f2aa6ce15a18c903e7ee69db302e3e,true_conflict,"[""7166878400""]","[""7168053244""]",7166878400,7168053244,10,10,0.77,0.77,0.0,0.0,tied
08f2aa8c2116153403b1841673cd148d,true_conflict,"[""8334522163""]","[""8665446741""]",8334522163,8665446741,10,10,0.77,0.77,0.0,0.0,tied
08f441a4340f371803f7a1498d47efc1,true_conflict,"[""8637747178""]","[""8638169000""]",8637747178,8638169000,10,10,0.77,0.77,0.0,0.0,tied
08f446dca490656503921b2b396e5017,true_conflict,"[""7134612915""]","[""3466463619""]",7134612915,3466463619,10,10,0.77,0.77,0.0,0.0,tied
08f44a104a50598a032ad870a8bc08da,true_conflict,"[""9543470374""]","[""9547194532""]",9543470374,9547194532,10,10,0.77,0.77,0.0,0.0,tied
08f44a966ad86ae40341ae6d783ab450,true_conflict,"[""4073035204""]","[""3867404015""]",4073035204,3867404015,10,10,0.77,0.77,0.0,0.0,tied
08f44c1745cf071b03de2009f1baa5d6,true_conflict,"[""7065213113""]","[""7706766500""]",7065213113,7706766500,10,10,0.77,0.77,0.0,0.0,tied
08f44e06aa0b5a4a03caf2e60bd69a4a,true_conflict,"[""2296718791""]","[""2295154079""]",2296718791,2295154079,10,10,0.77,0.77,0.0,0.0,tied
08f619a8cc7a14b603d305351eafdc21,true_conflict,"[""08041019170""]","[""09121278058""]",08041019170,09121278058,11,11,0.77,0.77,0.0,0.0,tied
08fbe0e35d9928b503a627126ac33fbe,true_conflict,"[""0450007477""]","[""0421375217""]",0450007477,0421375217,10,10,0.77,0.77,0.0,0.0,tied
1125899907047384,true_conflict,"[""2403251129""]","[""2402351129""]",2403251129,2402351129,10,10,0.77,0.77,0.0,0.0,tied
1125899908351517,true_conflict,"[""7705053855""]","[""4706448140""]",7705053855,4706448140,10,10,0.77,0.77,0.0,0.0,tied
1125899908355011,true_conflict,"[""4808211862""]","[""4804854921""]",4808211862,4804854921,10,10,0.77,0.77,0.0,0.0,tied
1125899909063562,true_conflict,"[""0718924424""]","[""0449746162""]",0718924424,0449746162,10,10,0.77,0.77,0.0,0.0,tied
1125899909083526,true_conflict,"[""2034379128""]","[""2035739035""]",2034379128,2035739035,10,10,0.77,0.77,0.0,0.0,tied
1125899909228789,true_conflict,"[""8442005784""]","[""7575961901""]",8442005784,7575961901,10,10,0.77,0.77,0.0,0.0,tied
1125899909241385,true_conflict,"[""8005397571""]","[""7316605424""]",8005397571,7316605424,10,10,0.77,0.77,0.0,0.0,tied
1125899909335447,true_conflict,"[""2406231195""]","[""3012769943""]",2406231195,3012769943,10,10,0.77,0.77,0.0,0.0,tied
1125899909415294,true_conflict,"[""6133897900""]","[""6132239868""]",6133897900,6132239868,10,10,0.77,0.77,0.0,0.0,tied
1125899909630421,true_conflict,"[""7168006521""]","[""7168229528""]",7168006521,7168229528,10,10,0.77,0.77,0.0,0.0,tied
1125899909900384,true_conflict,"[""02081293500""]","[""02088585573""]",02081293500,02088585573,11,11,0.77,0.77,0.0,0.0,tied
1125899910314744,true_conflict,"[""2154824889""]","[""8886273085""]",2154824889,8886273085,10,10,0.77,0.77,0.0,0.0,tied
1125899910838791,true_conflict,"[""2092522488""]","[""8005397571""]",2092522488,8005397571,10,10,0.77,0.77,0.0,0.0,tied
1125899910854468,true_conflict,"[""4326531797""]","[""4326992352""]",4326531797,4326992352,10,10,0.77,0.77,0.0,0.0,tied
1125899911187949,true_conflict,"[""9512793410""]","[""9518924847""]",9512793410,9518924847,10,10,0.77,0.77,0.0,0.0,tied
1125899911494494,true_conflict,"[""7406603813""]","[""7402170454""]",7406603813,7402170454,10,10,0.77,0.77,0.0,0.0,tied
1125899911544695,true_conflict,"[""9046082936""]","[""9048252351""]",9046082936,9048252351,10,10,0.77,0.77,0.0,0.0,tied
1125899911670585,true_conflict,"[""6624947267""]","[""6628544002""]",6624947267,6628544002,10,10,0.77,0.77,0.0,0.0,tied
1125899911671095,true_conflict,"[""5152331736""]","[""5152331345""]",5152331736,5152331345,10,10,0.77,0.77,0.0,0.0,tied
1125899911673102,true_conflict,"[""6784821646""]","[""6784820572""]",6784821646,6784820572,10,10,0.77,0.77,0.0,0.0,tied
1125899911769450,true_conflict,"[""2549397664""]","[""2549331766""]",2549397664,2549331766,10,10,0.77,0.77,0.0,0.0,tied
1125899911811999,true_conflict,"[""7026140521""]","[""7027971906""]",7026140521,7027971906,10,10,0.77,0.77,0.0,0.0,tied
1125899912004625,true_conflict,"[""9517154663""]","[""9517154611""]",9517154663,9517154611,10,10,0.77,0.77,0.0,0.0,tied
1125899912260220,true_conflict,"[""8556591656""]","[""8004532265""]",8556591656,8004532265,10,10,0.77,0.77,0.0,0.0,tied
1125899912289624,true_conflict,"[""4632413927""]","[""3172570779""]",4632413927,3172570779,10,10,0.77,0.77,0.0,0.0,tied
1125899913131782,true_conflict,"[""8622688223""]","[""9733831865""]",8622688223,9733831865,10,10,0.77,0.77,0.0,0.0,tied
1407374885186381,true_conflict,"[""2057508768""]","[""2053454047""]",2057508768,2053454047,10,10,0.77,0.77,0.0,0.0,tied
1407374885186474,true_conflict,"[""6018352075""]","[""6019903130""]",6018352075,6019903130,10,10,0.77,0.77,0.0,0.0,tied
1407374885189080,true_conflict,"[""8063549871""]","[""8063549454""]",8063549871,8063549454,10,10,0.77,0.77,0.0,0.0,tied
1407374885191512,true_conflict,"[""8123351788""]","[""8123370229""]",8123351788,8123370229,10,10,0.77,0.77,0.0,0.0,tied
1407374885201144,true_conflict,"[""8283267060""]","[""8283269299""]",8283267060,8283269299,10,10,0.77,0.77,0.0,0.0,tied
1407374885207681,true_conflict,"[""2075961060""]","[""2075933284""]",2075961060,2075933284,10,10,0.77,0.77,0.0,0.0,tied
1407374885249036,true_conflict,"[""7756242074""]","[""7756242000""]",7756242074,7756242000,10,10,0.77,0.77,0.0,0.0,tied
1407374885250235,true_conflict,"[""2084976403""]","[""2084976400""]",2084976403,2084976400,10,10,0.77,0.77,0.0,0.0,tied
1407374886203415,true_conflict,"[""8477235524""]","[""8477232210""]",8477235524,8477232210,10,10,0.77,0.77,0.0,0.0,tied
1407374886990716,true_conflict,"[""2149347159""]","[""8442923296""]",2149347159,8442923296,10,10,0.77,0.77,0.0,0.0,tied
1407374887579064,true_conflict,"[""2038675377""]","[""2038675300""]",2038675377,2038675300,10,10,0.77,0.77,0.0,0.0,tied
1407374887763681,true_conflict,"[""01249470572""]","[""08082235502""]",01249470572,08082235502,11,11,0.77,0.77,0.0,0.0,tied
1407374888380092,true_conflict,"[""8432938081""]","[""8433064214""]",8432938081,8433064214,10,10,0.77,0.77,0.0,0.0,tied
1407374888884529,true_conflict,"[""05113946245""]","[""05112282289""]",05113946245,05112282289,11,11,0.77,0.77,0.0,0.0,tied
1407374889079603,true_conflict,"[""6623277071""]","[""6623294810""]",6623277071,6623294810,10,10,0.77,0.77,0.0,0.0,tied
1407374890120053,true_conflict,"[""8333603417""]","[""6516441089""]",8333603417,6516441089,10,10,0.77,0.77,0.0,0.0,tied
1407374890547756,true_conflict,"[""2817383033""]","[""2817383072""]",2817383033,2817383072,10,10,0.77,0.77,0.0,0.0,tied
1407374890665328,true_conflict,"[""9498064937""]","[""9497761968""]",9498064937,9497761968,10,10,0.77,0.77,0.0,0.0,tied
1407374890726489,true_conflict,"[""8134714444""]","[""8137377361""]",8134714444,8137377361,10,10,0.77,0.77,0.0,0.0,tied
1407374890752553,true_conflict,"[""6127889029""]","[""6127884322""]",6127889029,6127884322,10,10,0.77,0.77,0.0,0.0,tied
1407374891205101,true_conflict,"[""2066822288""]","[""2062380034""]",2066822288,2062380034,10,10,0.77,0.77,0.0,0.0,tied
1688849860470200,true_conflict,"[""6077973527""]","[""6077973407""]",6077973527,6077973407,10,10,0.77,0.77,0.0,0.0,tied
1970324838564830,true_conflict,"[""6109357557""]","[""2674213803""]",6109357557,2674213803,10,10,0.77,0.77,0.0,0.0,tied
1970324838595778,true_conflict,"[""9893867951""]","[""9893940060""]",9893867951,9893940060,10,10,0.77,0.77,0.0,0.0,tied
1970324842101934,true_conflict,"[""8042327880""]","[""8045480798""]",8042327880,8045480798,10,10,0.77,0.77,0.0,0.0,tied
1970324842205440,true_conflict,"[""9194579230""]","[""9195616211""]",9194579230,9195616211,10,10,0.77,0.77,0.0,0.0,tied
2251799814325658,true_conflict,"[""7157184350""]","[""7157088945""]",7157184350,7157088945,10,10,0.77,0.77,0.0,0.0,tied
2251799819434396,true_conflict,"[""8134525382""]","[""3523530299""]",8134525382,3523530299,10,10,0.77,0.77,0.0,0.0,tied
2251799821514759,true_conflict,"[""7243486229""]","[""7243484051""]",7243486229,7243484051,10,10,0.77,0.77,0.0,0.0,tied
2251799821514825,true_conflict,"[""4123663214""]","[""4123666828""]",4123663214,4123666828,10,10,0.77,0.77,0.0,0.0,tied
281474980437658,true_conflict,"[""08007796761""]","[""08007732732""]",08007796761,08007732732,11,11,0.77,0.77,0.0,0.0,tied
281474980652319,true_conflict,"[""5207443759""]","[""5204418003""]",5207443759,5204418003,10,10,0.77,0.77,0.0,0.0,tied
562949954959913,true_conflict,"[""6082694241""]","[""6086965041""]",6082694241,6086965041,10,10,0.77,0.77,0.0,0.0,tied
562949955127994,true_conflict,"[""9413567677""]","[""9417586303""]",9413567677,9417586303,10,10,0.77,0.77,0.0,0.0,tied
562949955323164,true_conflict,"[""4804203789""]","[""4809660391""]",4804203789,4809660391,10,10,0.77,0.77,0.0,0.0,tied
562949958277710,true_conflict,"[""5075173827""]","[""5072032958""]",5075173827,5072032958,10,10,0.77,0.77,0.0,0.0,tied
562949958305102,true_conflict,"[""4696102838""]","[""2144491884""]",4696102838,2144491884,10,10,0.77,0.77,0.0,0.0,tied
562949961114758,true_conflict,"[""015155164711""]","[""0511799997""]",015155164711,0511799997,12,10,0.77,0.77,0.0,0.0,tied
562949963856691,true_conflict,"[""4122716246""]","[""4122399817""]",4122716246,4122399817,10,10,0.77,0.77,0.0,0.0,tied
562949965527227,true_conflict,"[""5186210128""]","[""5183753305""]",5186210128,5183753305,10,10,0.77,0.77,0.0,0.0,tied
562949966520897,true_conflict,"[""2342062621""]","[""3303367472""]",2342062621,3303367472,10,10,0.77,0.77,0.0,0.0,tied
